name,age,street,city,state,zip,lng,lat
Teresa Baker,18,40139 Smith Mission,Weaverberg,Rhode Island,59094,151.455478,-31.853360
Glen Roberts,77,536 Diaz Lodge,Cruzland,South Carolina,61369,-10.699945,74.101635
Amy Barton,43,22763 Mckee Fields,Teresashire,South Carolina,06294,23.960191,46.7152195
Daniel Carter,41,326 Ashley Loop Apt. 502,North Mary,Minnesota,52533,-33.930922,-5.083755
Megan Sharp,61,6835 Stacey Highway Apt. 240,Richardview,Virginia,36547,154.703201,-30.5588325
Cindy Morrow,66,078 Solomon Parks,Lake Sabrinahaven,Utah,14197,145.083799,-19.0932255
Denise Cook,18,3992 Cody Shores Suite 363,Craigchester,Colorado,87456,-79.822483,-1.005335
Richard Lowe,55,863 Mathew Dam,Martinstad,New York,11199,-149.204729,-76.052081
Tabitha Ramirez DVM,66,4830 Obrien Pine Apt. 878,Lake Willieberg,North Dakota,94927,51.148032,12.0622215
Carlos Long,69,08523 Dixon Valleys,West Dawnborough,South Dakota,32057,-119.891090,42.171666
Dawn Wilson,73,45780 Nelson Islands Apt. 687,Brooksbury,Illinois,32152,-67.856807,-88.6156655
Patricia Strong,42,6454 Leah Trail Suite 241,Lake Brandon,Alabama,19676,-45.669329,3.436057
David Mcbride,70,517 Moss Corners Apt. 581,Lake Rebecca,Kansas,08365,12.202795,-0.059806
Brandon Berry,63,2933 Davidson Port,West Jeffrey,Ohio,19983,-170.207374,-68.1649815
Betty Moore,44,570 Porter Forges,Taylorland,Montana,85926,-109.579306,0.2089985
Stephanie Moss DDS,61,045 Griffith Road,Taraville,South Dakota,31275,51.798605,65.144873
Kirsten Roach,77,763 Danielle Mission,Jeremymouth,Delaware,87257,-157.668542,-84.8685045
Susan Moreno,37,1221 Guzman Burg Suite 693,South Eric,Pennsylvania,92291,70.296936,-16.5557955
Melissa Brown,80,54453 Stephanie Fords Apt. 858,Mcneilchester,New Hampshire,96059,-38.820545,63.7502145
Ryan White,32,902 Wilson Dam Apt. 030,Frenchfort,Alaska,38878,140.286569,-3.511384
Sara Cruz,39,6925 Donovan Orchard,Stewartland,Pennsylvania,49790,34.840390,-65.5499955
Michael Hall,21,3036 Richard Point Apt. 511,New Leah,Florida,37928,-63.266649,68.4600955
Jillian Moreno,39,2876 Paige Divide,South Sarah,Washington,43968,-24.254095,77.054323
Shelby Bailey,27,899 Anna Burgs Apt. 870,Ortizberg,Texas,73244,-108.563596,-83.444400
Tracy Murphy,18,715 Oconnell Brooks Suite 552,Robinsonburgh,Kansas,71471,-171.962410,-7.874714
Rachel Lawson,61,8298 Wyatt Lakes,East Omarshire,Alabama,28852,29.842803,21.091256
Nicole Hamilton,21,6888 Pearson Causeway Suite 501,South Cheryl,Idaho,44503,23.444993,-14.924631
Lance Stout,58,07140 Karen Inlet Apt. 640,Amandachester,Alabama,07975,-154.818095,87.7045295
Aaron Kennedy,56,6802 Flores Canyon,Reedborough,Delaware,94881,-47.601423,66.2435345
Steve Page,33,1916 Felicia Fields Suite 865,West Benjaminfurt,Montana,61137,-21.043997,-51.8317065
Randy Brown,46,90091 Potter Plaza Suite 210,Robertchester,South Dakota,83238,-26.298270,-10.5764125
Mr. Francisco Mills,40,6711 Sandra Greens,West Daniellechester,Arkansas,89946,-114.467011,-27.393372
Elizabeth Campbell,62,3539 Jones Way,North Jordan,Alabama,69983,122.134070,-26.9283305
Debbie Burch,30,812 John Harbor Apt. 297,Lake Emily,Florida,08261,26.545837,73.679924
Nicholas Wall,78,35181 Goodman Skyway,Larrychester,Utah,70417,-150.338108,-30.7248585
Leah Wang,31,61596 Meredith Divide,New Matthew,Pennsylvania,82541,-14.234918,69.949373
Robert Jones,34,45283 Julie Plains Apt. 885,West Antonio,Alaska,13887,-134.826459,38.791741
Brianna Miller,56,989 Hart Coves Apt. 268,West Rachel,Illinois,74075,44.210293,-32.796233
Michael Stanley,60,1285 Martin Via Suite 070,West Robert,Virginia,88841,7.267159,-44.0758805
Tammy Berry,77,191 Beverly Burg,North Davidbury,Pennsylvania,14374,160.195446,-89.614407
Robert Rodriguez,41,980 Gonzales Island,West Jaimetown,Arkansas,90766,-145.151969,34.7234025
Andrea Jones,33,46912 Gilbert Key,Oliverbury,Nevada,50806,-36.904736,-5.6202505
Maria Thompson,46,412 Lisa Station Suite 764,Smithbury,Colorado,39547,117.392539,68.135854
Carla Terry,28,0010 Robert Plaza Suite 715,South Andreachester,New Mexico,83837,90.933412,5.152773
Christina Bright,29,8913 James Squares Suite 023,Sarahview,Maryland,45692,158.835266,82.492922
Tara Mendez,78,16509 Hawkins Manors Apt. 755,Arnoldbury,Louisiana,83489,20.866147,-44.4403955
Brian King,65,7425 Williams Walks,West Brianstad,Louisiana,66482,-140.796693,-36.2283395
Jacob Rice,41,6198 Hopkins Centers,Aliciaborough,Arizona,82223,-67.160989,-38.528918
Matthew Griffin,50,233 Erica Inlet Apt. 349,Nicoletown,North Dakota,32142,-31.761933,19.999005
Richard Nelson,36,60893 Sharon Highway Apt. 872,Port Christopherstad,New Jersey,62614,6.203089,-27.501735
Michael Rush,40,9301 Barton Courts,New Shannonland,Vermont,40566,169.660212,74.174859
Linda Booth MD,46,737 David Shoals,Mitchelltown,Rhode Island,92239,20.233859,35.4924325
Karla Welch,48,7057 Christine Brooks,Colinberg,Arizona,77598,-125.673373,40.8859095
Tiffany Oneal,30,4682 Donna Track,Foxport,Alabama,98496,155.449222,29.7204905
Jason Williams,57,7420 Christian Valley,Karlaton,Missouri,21509,15.070168,70.9923035
Robyn Mccarthy,26,2238 Oliver Well Suite 606,North Kyleburgh,South Dakota,42308,176.763864,-12.061035
Sally Lin,33,662 Harrison Curve Apt. 028,Abbottburgh,Wyoming,18859,-24.663979,-67.090575
Stacie Marshall,43,1200 Earl Drive Suite 474,Bennettmouth,North Dakota,09068,-129.770867,-1.241823
Ronald Le,37,8128 Spencer Mountain Suite 184,South Bethanyton,Kentucky,78074,-152.627648,-38.640309
Diana Frazier,70,1038 Miller Pike Suite 890,Pricebury,South Dakota,26008,48.923588,-31.3782985
Michael Bailey MD,36,304 Thompson Glens Apt. 541,Lake Lauraburgh,Oklahoma,46936,145.145410,65.576288
Sharon Levy,53,460 Jennifer View,New Thomasfort,Alabama,36554,-147.786586,-42.181310
Kevin Werner,50,900 Valerie Trafficway,Lake Hannah,Michigan,74747,-116.023029,-24.799592
Angela Garza,25,13864 Timothy Fall Suite 902,East Natashaland,Michigan,83792,-44.277469,9.0692755
Robert Smith,65,188 Williams Inlet Suite 331,Lake Christopherfort,New Mexico,23942,62.323622,84.952992
Michael Cortez,47,357 Rios Coves Apt. 590,East Sandramouth,Ohio,25346,-69.941271,77.161869
Erik Kaiser,41,435 Phillip Courts Apt. 685,Jenniferport,Alabama,34721,167.256699,-28.4771805
Catherine Olsen,49,70304 Mark Fork,Brittanyton,Alaska,64845,-33.602419,12.922484
William Ford,44,081 Lisa Plains,West Michelle,New Mexico,96844,130.731623,-19.993259
Luis Brown,38,4593 Rose Trail,Paulstad,New York,85047,-100.435682,-48.647468
Katherine Brown,48,2793 Valdez Plain Apt. 385,Lucasview,Washington,10364,-174.898510,-31.5245515
Luke Thompson,26,7349 Erica Ports,Jacobsview,Montana,87883,3.452893,21.132700
Kristi Keith,46,342 Davis Well,West Elizabethhaven,Colorado,86354,39.474934,-32.476943
Daniel Miller,79,4054 Craig Trafficway,West Charlesberg,Delaware,09001,118.200439,-52.6283405
John Lucas,80,344 Campbell Loaf,North Jeffrey,Alabama,94324,-9.182378,-82.1712225
Joshua Cisneros,33,65607 Sharon Tunnel,West Jeremiah,North Dakota,48198,85.571415,-48.6315375
Nicole Thompson,71,134 Miguel Island,North Michaelville,New Mexico,59826,56.353412,31.900138
Susan Berry,50,408 Brooke Spur Apt. 322,Port Carlosfort,Georgia,24770,47.686132,75.9409775
Tammy Jones,70,6211 John Squares Apt. 909,Port Debra,Nevada,06064,121.894740,0.2070025
Russell Weber,53,92189 Karen Shore Suite 585,Greeneborough,Colorado,34665,116.881277,-20.5335905
Connie Crawford,52,7609 Garrett Parkways Suite 955,Daniellestad,New Jersey,37592,-174.829682,7.6667445
Vanessa Smith,25,7262 Jessica Roads Apt. 357,West Jeffrey,Alaska,14075,-42.243515,83.5228965
Carrie Brown,21,304 Cheryl Spurs,North Megan,Florida,19955,129.312952,-13.0006225
Mary Castillo,18,0391 Martinez Throughway Suite 583,Burtonhaven,Vermont,08001,139.698467,-11.237374
Joseph Evans,66,666 Armstrong Pass,Vanessaton,Idaho,45060,69.105663,3.3276675
Daniel Thomas,66,5538 Dustin Oval,New Andrewmouth,California,15664,25.140527,-50.3257195
Thomas Garza,40,1348 Foster Road Apt. 294,Port David,Colorado,50533,18.869363,-0.9824255
Sean Murphy,25,17956 Farmer Vista Apt. 906,Andrewbury,Colorado,76011,-30.108744,-44.0304035
Melissa Foster,71,2243 Lawson Shoal Suite 701,Johnstad,Mississippi,62305,165.081663,19.519700
Dr. Richard Kramer,34,27232 Katherine Wells Apt. 938,South Meganberg,Indiana,51914,20.761107,6.063189
Austin Dixon,45,70644 Fowler Club,Nelsontown,Nebraska,90124,-57.298828,-20.460229
Maria Cook,79,13734 Pitts Square Suite 441,Melendezfurt,Mississippi,89379,-156.470534,-52.947844
Ashley Johnson,78,7666 Nguyen Valleys,East Mike,Kentucky,45705,127.995588,-67.702756
Deborah Harmon,28,821 David Turnpike Apt. 474,Lake Kyleland,Vermont,70402,14.749184,36.748347
Kyle Gardner,28,0019 Jonathan Ville Apt. 430,Lake Julieburgh,Missouri,04918,-133.261527,-18.129066
Justin White,76,826 Timothy Pines Apt. 956,Mollybury,North Dakota,85099,-46.125884,-28.443803
Bobby Oneill,21,383 Robin Burg,Dianaton,South Carolina,15080,14.611436,75.4151155
Kimberly Frye,44,999 Taylor Locks,Taylorfurt,Hawaii,72310,-155.800529,-19.5349915
Kelly Wilson,54,634 Marissa Fields,Tiffanyberg,Delaware,96356,177.323263,-48.6800915
Brittany Barron,67,975 Powell Plains,West Martha,Georgia,67198,28.221331,5.7991435
Lisa Welch,21,15847 Conner Drive Suite 075,Rodriguezview,Virginia,01865,10.456909,58.7192965
Joshua Harris,42,53054 Crystal Mission,Morganfurt,South Carolina,54194,-84.200607,-79.6577985
Jasmine Meyers,38,461 James Shoals Suite 081,Kevinside,Alaska,25049,19.868370,69.7612465
Kenneth Clark,27,45226 Catherine Wall,South Christine,West Virginia,20974,-158.721289,15.1980205
Kristen Brooks,22,4523 Gregory River Suite 539,Loganfurt,Colorado,74419,-118.899586,-21.7002425
Christian Hill,22,36923 Short Field Apt. 747,Sotoville,Florida,29876,-90.087421,38.7920915
Megan White,65,6464 Elliott Forks,Lake Michaelside,South Dakota,89421,13.926345,-36.4438305
Valerie Phelps,51,280 Williams Fork,Matthewschester,Mississippi,84077,-0.680770,-70.6274905
Gordon Reed,76,8253 John Squares Apt. 824,Kimberlyview,Arizona,12746,-136.286958,-48.5538185
Pamela Hayes,21,992 Leah Turnpike,Spearschester,Nevada,04927,-141.726637,-74.9349565
Monica Smith,68,2517 Choi Forge Suite 765,New Samanthaberg,Nevada,21285,-112.326914,-7.5612605
Paul Harris,41,7339 Santana Cliffs,North Cynthia,Idaho,57941,-61.230795,-14.603761
Derrick Johnson,36,299 Williams Causeway,Lake Russell,Iowa,17617,172.891045,-57.482543
Brett Long,66,80785 Joshua Greens Apt. 302,Lake Jeffrey,Georgia,57094,-39.919958,9.498234
Patricia Campbell,23,694 Alicia Shoal Apt. 252,South Gloriaton,Rhode Island,52433,-1.547960,-42.0647175
Emily Morton,40,223 Mitchell Greens,New Deniseside,Oregon,07519,144.926088,42.850409
Jeffrey Mcmahon,77,000 Alvarado Expressway,Milesland,West Virginia,44637,-18.207496,51.8374815
Michael Peterson,54,775 Mark Grove Suite 805,East Aliceburgh,Connecticut,18045,54.273024,24.7041645
Michael Bryant,60,197 Bobby Creek,Wilsonport,South Carolina,09091,160.909933,70.710353
Michael Williams MD,28,55961 Conrad Valley,Port Rebeccastad,Oklahoma,65526,-150.078418,74.664598
Veronica Bates,22,9004 Stacey Knolls,Bergfurt,Arkansas,39758,-77.609992,-23.025841
James Smith,44,2745 Tim Parkways Suite 046,East Tracyfurt,Pennsylvania,05731,-19.610987,-10.255824
Kathryn Martinez DDS,49,2075 Eric Burgs Suite 452,Michelleview,Kansas,21541,90.132022,81.431087
Kim Hernandez,23,094 Jonathan Brook Apt. 026,Patriciaborough,Illinois,95337,124.319495,-27.3857205
Angela Wright,63,162 Angela Meadow Apt. 766,Crossville,Pennsylvania,44068,116.695503,47.1768755
Courtney Shaw,71,0972 Suzanne Dam,South Mathew,New York,07447,52.340497,-76.654278
Jessica Atkinson,20,776 Gregory Curve,Oconnorville,Alabama,16931,122.135040,-19.4852645
Samuel Huber Jr.,19,49676 Lewis Oval Suite 914,Lake Stephanie,Illinois,57988,35.885783,7.4394765
Mary Lee,56,550 Pena Pine Apt. 597,Kennethshire,Nevada,40585,-167.763876,22.4725685
Kyle Allen,32,88553 Rogers Pass Apt. 579,Robertmouth,Wyoming,03303,-41.855810,-9.1539085
Mary Scott,44,6999 Latasha Motorway,North Gregory,Alaska,45872,-120.200792,-41.420139
Leslie Mendez,23,40196 Levine Fort Suite 112,Mariaview,Maryland,27981,-6.293147,-36.153331
James Miller,80,725 Jaime Ridges Apt. 462,West Wandafort,Georgia,13634,-61.473443,68.9071985
Alexa Cole,21,22886 Jacob Junction Apt. 676,Floydfurt,Maine,27773,169.519059,-78.665676
Henry Jones,50,64418 Kevin Row,New Jamieland,Minnesota,14177,99.366807,-9.6295775
Paul Browning,70,6839 Jeanne Flat,Ellisside,Illinois,87226,-101.342516,-11.943808
Ashley Thomas,45,5942 Sharon Shoal,Burtonland,Arkansas,81818,-89.532180,-85.2246355
Julie Gonzalez,42,29725 April Drives,Lake Jon,Alaska,47881,100.101672,-29.151284
Michael Becker,41,55756 Brown Heights Apt. 743,Michaelport,Kentucky,65714,-82.467234,-25.656432
Mary Santos,57,17550 Scott Ford Suite 052,Josechester,Alaska,63734,177.015575,-11.4558155
Ashley Young,64,8735 Estes Island,West Stacey,California,60135,38.585358,-78.9904865
Cynthia Burgess,78,86835 Hansen Road Apt. 440,Barnesfurt,Massachusetts,18734,139.757710,28.155955
Joseph Ramos,59,016 Hart Dam,North Morgan,Texas,52265,-125.577976,8.2809345
Ronald Murphy,32,2477 Dodson Harbor,Briantown,Indiana,99759,19.889100,-40.584236
Katherine Robinson,55,409 Thomas Hills,East Stephanieburgh,South Dakota,47500,171.784728,-8.8448985
Steve Frazier,41,92697 Marvin Forges Suite 669,Jamesmouth,Oklahoma,35804,-27.954397,-42.9153385
Amy Compton,36,2853 Zachary Extension Suite 949,New Eddie,North Dakota,43830,97.034397,-40.197749
Travis Shaw,77,2802 Paul Lodge,South Zacharyside,Idaho,88694,66.093711,22.123499
Eric Smith,18,977 Danny Bypass,Benjaminstad,Nevada,64072,63.147973,3.4132745
Ronald King,20,059 Ballard Glens,North Kimberly,Kansas,28877,-28.518580,61.7929195
Joseph Jones,40,258 Dennis Circles,Jeffersonview,Nevada,97267,-116.356050,-47.894626
Casey Fleming,59,578 Villanueva Inlet Apt. 969,Greershire,Hawaii,24787,118.426737,-80.3670605
Cynthia Wright,20,4818 David River Apt. 308,Wilkinsburgh,Mississippi,22414,0.634276,82.3425155
Zachary Carr,66,0085 Adrian Garden Suite 151,East Williamstad,Alaska,39975,154.276393,-7.3275085
Kevin Adams,61,5904 Stevens Plains Apt. 500,North Dylantown,North Dakota,50581,84.803191,77.9158995
Ms. Stephanie Tucker,28,79529 Jacqueline Mews,South Brittanymouth,Kansas,81448,-129.649472,-13.3115315
Sheila Mitchell,59,14969 Dana Terrace,Port Kylefurt,Texas,41532,74.147271,9.5548225
Donald Henry,71,509 Watson Valley,Port Daniel,Colorado,94403,17.853051,34.586896
Joshua Cooper,57,60146 David Square Apt. 995,Port Jenniferstad,Virginia,07006,-146.905759,-73.676113
Sara Townsend,30,96767 Cox Vista,New Cynthiaside,North Carolina,49547,159.136042,-64.5770915
James Kennedy,72,471 Hernandez Fall Suite 964,West Michaelstad,Michigan,96110,-50.634588,53.7807385
Jeffrey Coleman,74,08972 Sullivan Harbor Suite 669,Christinachester,Pennsylvania,24773,-158.731822,27.292443
Eric Freeman,72,631 Conley Flats Suite 427,East Tammyton,South Carolina,65860,154.179464,-26.0143285
Barbara Villa,37,273 Barrett Prairie,Joycebury,Connecticut,82484,160.694163,38.167073
Jason Romero,19,43750 Theresa Island Apt. 407,North Deborahfort,New York,91677,52.643478,-51.579286
Megan Marsh,78,8378 Ford Roads Suite 635,Steeleport,Minnesota,96256,111.595918,69.0807305
Kristin Johnson,54,87053 Terri Valleys Suite 113,South Robert,Ohio,50273,165.330413,44.1714925
Aimee Swanson,52,5178 Megan Mills,North Douglas,Tennessee,12365,-53.255713,-37.896320
John Fleming,30,2584 Diana Curve,Harrisshire,New York,48271,-94.952173,24.222934
Kimberly Schmidt,52,420 Johnson Ridge Suite 116,Careyside,Massachusetts,60812,40.538784,15.9129185
Amy Robles,64,9568 Charles Glens Apt. 362,West Rachel,Colorado,59016,84.025137,72.638978
Teresa Allen,71,33574 Karen Flats,Lake Jeffrey,California,50809,35.299312,-71.207820
Sean Snyder,66,80089 Mason Passage,East Nathaniel,Delaware,92465,75.938545,-43.4318875
Joseph Mcintosh,34,84583 Turner Street Apt. 056,Williamsberg,Kansas,35263,-41.538334,-3.9740375
Sue Bryan,64,56161 Davis Radial,West Jeffreyfort,Michigan,26302,132.786443,12.624337
Alexis Allen,78,363 Singh Wells,Perezborough,New Hampshire,25706,26.095313,-19.1590865
Holly Garcia,76,12410 Solomon Meadow,Donaldbury,South Carolina,98553,119.300638,71.356925
Fred Williams,71,255 Wood Highway Suite 164,Port Kimberly,Wyoming,24605,63.976654,-37.6544535
Arthur Riddle,61,61975 Joanna Expressway,Smithmouth,Rhode Island,46762,27.141193,-26.1374655
Monica Nelson,47,0667 Erin Lodge Suite 487,Lake Dianafort,Idaho,64861,-132.928816,-4.700587
Gregory Hoover,33,70377 Martha Mount,Lake Jeremyton,Arkansas,35212,-46.226797,-74.8161655
Logan Jenkins,28,524 Jeremiah Ranch,East Marilynbury,Maine,93673,-76.871492,66.059530
Tammy Williams,37,7071 Marks Green Suite 822,Port Traceyhaven,Kentucky,63005,-174.338661,40.767053
Megan Fisher,44,714 Eric Junction Apt. 641,Port Danaport,Rhode Island,93315,162.980955,-36.839038
Carol Rodriguez,55,13081 Adams Street,Lauramouth,North Dakota,64251,-135.192490,-86.3119445
James Perry,25,924 Rachel Course Apt. 783,East Jessica,North Dakota,99118,-10.528103,66.7470745
Wesley Scott,58,38110 Andrea Stream Apt. 688,North Timothyborough,Nevada,21076,-100.903476,-74.3538065
Brenda Hall,45,58762 Frank Vista,West Richardtown,Indiana,10751,-62.054855,-28.089458
Jacob Carrillo,47,50506 Paul Park,New Shannonport,Tennessee,89238,-90.872074,1.316296
Stephanie Church,47,28322 Cindy Rapids Suite 595,Schmidtmouth,New York,17280,46.649834,42.9891695
Rhonda Le,51,39555 Jackson Islands Apt. 664,West Sarah,Oregon,39396,179.880663,-64.5378365
Bryan Snyder,41,43778 Ray Square,West Joy,Nebraska,29759,-45.734035,-17.157461
Ronnie Ballard,79,6880 Paul Spring,South David,Arkansas,32745,-30.802052,43.6750145
Teresa Pham,24,886 Cody Creek,West Anna,New York,76519,30.710673,-66.4031125
Sheila Marshall,63,61096 Linda Overpass,South Matthew,Indiana,56882,-105.746463,47.2306455
John Lee,65,11246 Stephen Island,Jamesport,Hawaii,88159,74.421721,14.3710165
Larry Owens,73,1614 Jack Grove Apt. 931,North Donnaland,Arkansas,68084,111.629490,-7.401243
Wesley Everett,77,2361 Brittany Fords,Port Tanner,Arizona,83296,148.226449,-42.575344
Donna Hammond,75,07310 Williams Lights Apt. 029,Henrystad,Connecticut,05220,59.216734,-83.144639
Jack Little,30,1630 Tamara Forks Suite 142,New Alexander,Hawaii,09036,91.428131,-86.5778365
Shawn Wright,34,8023 Lopez Track,South Michaelville,New Jersey,27261,62.048499,-40.959512
Mr. Daniel Lara,26,703 Roth Views Apt. 054,North Jacob,Idaho,49325,-24.148911,-40.534642
Alyssa Flynn,53,0194 Kimberly Forest,West Jamesshire,Kentucky,80408,-77.380419,-19.155879
Linda Holloway,78,9123 Derrick Valley,South Ashley,Arkansas,67243,178.182901,9.549614
Victoria Martin,63,2716 Valenzuela Way Suite 265,Jeromeshire,Delaware,59756,-132.596355,-51.8948595
Carmen Tucker,35,8677 Samuel Parkway Suite 148,Elizabethside,Tennessee,23744,179.888120,0.3307355
Kevin Johnson,52,689 Grant Parkways,Stephanieburgh,Wisconsin,50785,-175.529617,26.5313745
Tricia Cowan,68,55243 Mccoy Square Suite 134,Abbottton,Washington,39308,46.858288,-79.526484
Neil Anderson,75,654 Stephen Locks,Port Brittanytown,South Dakota,59228,-91.909301,23.196735
Megan Morales,56,094 Humphrey Knoll,Martinmouth,Colorado,28088,47.022955,-5.6150105
Michael Stone,34,9365 Billy Walks,New Normaside,Kentucky,13214,-75.089912,35.922718
Tonya Evans,34,52214 Anderson Ramp,Lake Steve,Virginia,35391,-57.717711,4.2381775
Gary Gomez,37,414 Welch Flat Suite 422,West Vincent,Hawaii,69464,-81.642546,-35.777318
Andrew Alvarez,32,2870 Daniel Causeway Suite 792,West Deannaborough,Georgia,17802,33.196524,-56.283296
Natalie Heath,40,449 Brian Branch Apt. 376,Hawkinsside,Hawaii,43343,31.993069,-28.7500995
Andrea Cook,29,056 Erin Green Apt. 780,East Sara,Kentucky,02538,-26.052375,-20.428976
William Rogers,42,09366 Roberts Crescent,Port Stevenland,Louisiana,05209,-73.020063,42.314977
Larry Pham,57,0877 Sanford Canyon Suite 012,Ramirezborough,Tennessee,79692,137.206958,85.874729
Carla Shelton,54,0108 Dunlap Overpass,Hickshaven,Oregon,25163,-132.117956,-30.263456
Sara Wallace,57,2604 Louis Vista Suite 051,Terrystad,Minnesota,32817,10.296266,52.6310925
Kenneth Baker,47,2622 Eric Dale,Chanshire,Kentucky,02468,95.330443,51.121498
John Doyle,24,8214 Sandra Stravenue,Sarahville,Hawaii,34669,-96.726497,63.831751
Alison Munoz,24,400 Wright Hollow,Emmabury,Wyoming,56532,14.531637,-63.7845905
Tracy Pierce,20,2469 Melissa Dam Suite 121,Smithville,North Carolina,75728,-112.348906,-4.1394915
Ryan Wells,30,459 Williams Meadow Apt. 781,Angelachester,Tennessee,37406,-170.002740,38.7661755
Jesse Palmer,69,7231 Elizabeth Fort Apt. 030,Port Anthony,Oregon,52923,117.821863,-89.3564785
Tammy Olson,58,9768 Crane Terrace Apt. 881,Smithfort,Hawaii,47315,-32.983473,48.6666735
Mike Gray,80,57382 Ryan Forest,Hannaberg,Georgia,55276,-17.736782,87.742666
Paige Carter,67,83786 Joseph Branch,East Jonathanberg,Delaware,19789,-123.517766,13.9152525
Shawn Ferguson,30,17274 Bailey Square Apt. 311,North Amanda,Pennsylvania,19138,97.620666,-34.6825555
Matthew Robinson,57,335 Woodard Land,Port Jason,Illinois,72228,139.935090,14.3083265
Anthony Lyons,51,39529 Tammy Club,Sherryton,Virginia,76028,125.062829,-8.6778495
Ronald Jones,50,338 Harris Tunnel Suite 948,Port Jason,Oregon,37481,-56.603087,39.6366235
Gregory Krause,45,0257 Steven Glen,Charlesfort,North Dakota,20712,141.702088,-0.787503
Matthew Lewis,19,2429 Brooke Knoll Suite 194,Jenniferland,Georgia,31174,34.746740,1.0307475
Mary Wright,30,41228 Hunt Square Suite 061,Kendraside,Arizona,83098,-124.053715,45.0672785
Alexis Montgomery,57,960 Jamie Wall Apt. 684,New Luis,Kansas,65399,-136.054955,-2.813564
Maria Robinson,61,8997 James Ford Suite 396,Walkerfurt,Idaho,33665,-3.044258,88.349115
Manuel Wood,42,32643 Sosa Crossroad Apt. 235,Lake Sarah,Delaware,50964,-83.929353,62.501106
Charles Wang,50,0816 Roberts Light,Grayville,Nevada,60769,141.109018,89.9566275
Shannon Knox,54,64038 Scott Drive Suite 674,Smithchester,Arizona,08714,-6.177769,-70.940926
Christopher Smith,38,0200 Yu Drive,Bryantton,Delaware,14764,-47.064355,-22.7804275
Natasha Jordan,51,0906 Martin Lake Suite 883,Lake Christopher,Pennsylvania,51435,67.634891,48.3309155
Linda Murray,79,4425 Kaitlyn Hollow,Bassview,Hawaii,47809,67.659988,-5.003484
Gail Mullins,31,4024 Webb Greens Apt. 202,Port Carlos,Wyoming,18747,-134.824462,49.1628625
Donna Smith,18,57064 Steele Parkway,West Caitlin,Wyoming,22126,80.507070,-88.2135315
Jennifer Cummings,48,47705 Michael Gateway Suite 146,New Travisshire,Missouri,84104,-22.618094,69.838375
Isabel Beck,37,302 Mathew River,East Johnfort,North Dakota,75952,3.846803,-80.722251
Alice Sexton,49,370 Renee Lane Apt. 857,Lake Kaitlinborough,Washington,70318,84.889753,-20.126639
Rodney Clark,25,3476 Butler Highway Apt. 453,Anthonyhaven,Louisiana,73984,174.052215,-23.6269455
Mary Vargas,48,3264 Linda Crest,East Priscillaburgh,Oregon,53891,142.694726,11.0243265
Brandon James,35,07718 Fisher Viaduct,Frazierton,Alaska,63896,-164.060284,-14.2976945
Charles Ellis,67,68640 Ramos Run Apt. 326,Myerstown,Wyoming,47565,-174.875588,-52.7746155
Julie Mendoza,23,790 Ramirez Trail Suite 691,Marymouth,Rhode Island,08693,-156.269366,50.212180
Ms. Nancy Rowe,53,99174 Jason Lane Suite 086,East Edwinside,Ohio,65100,-85.356286,27.4745625
Brooke Munoz,37,4893 Stephen Run,North Sheriville,South Dakota,14920,20.447290,59.2981405
Martin Morgan,61,82030 Avila Green Apt. 059,South Thomas,Wyoming,38759,-27.662298,86.314968
Danielle Mitchell,23,2520 Moore Loop Apt. 160,New Nicole,Washington,60187,163.393882,-51.468306
Larry Shepherd,64,821 Burns Place,West Lisa,Pennsylvania,06961,14.872399,-52.180011
Sarah Rojas,45,51483 Miller Divide Apt. 019,Davidshire,Florida,18545,-4.852243,7.5222215
Stephen Estrada,48,27873 Amanda Island,North Thomas,Rhode Island,83078,-100.760591,54.350733
Alexander Blackburn,49,99795 Brian Mall Suite 238,Charlestown,Alabama,32878,93.030669,-11.4771885
Marie Richard,52,509 Matthew Throughway,South Michael,California,89986,63.266540,67.7546205
Lisa Martin,51,919 Kevin Islands Apt. 273,South Nathanfurt,Rhode Island,37990,-161.243954,-73.3912975
Ryan Ortiz,78,35017 Lisa Meadow,Port Karen,Pennsylvania,30089,113.172489,-45.791917
Charles Kane,73,52400 Crane Mews Suite 426,Terryton,California,56118,55.690864,71.1370195
Lindsay Acevedo,72,4356 Levine Loaf Apt. 493,Baileyfort,Illinois,89782,92.434608,70.5424465
Alexis Crawford,78,41620 Robbins Squares Suite 395,Ryanport,Montana,21319,-163.960026,-27.5710835
Steve Kane,69,92469 Jessica Island,New Cody,Kansas,71418,38.737050,78.540411
Dennis Joseph,34,9515 Maureen Junctions Suite 128,Juliaville,New Mexico,09544,-152.003277,9.520646
Lawrence Moore,31,569 Michaela Circle,East Stephenhaven,Louisiana,50520,-146.146996,42.4787675
Robin Ruiz,69,0904 Flores Way,South Megan,Colorado,75357,89.723929,-36.513310
Colleen Dawson,18,146 Kurt Field,Johnfort,Wisconsin,98093,142.194739,33.782842
Timothy Brown,39,925 Catherine Motorway Suite 940,East Jonathan,Oregon,79343,-119.845371,-88.6169935
Tami Wilson,38,390 Robin Radial Suite 776,North Jackie,Montana,32891,-13.192882,29.0603645
Robin Potts,76,928 Jenny Loaf,West Donaldville,North Carolina,61344,-161.949933,83.143453
Tina Robbins,49,5520 Boyle Union,North Jimmy,Florida,82710,-68.840838,38.457240
Lori Burgess,50,149 Stephen Flat Suite 968,Pinedatown,Pennsylvania,84707,-27.356320,74.5872995
Sharon Munoz,34,631 Scott Causeway,Port Ericabury,Georgia,22858,-80.275465,43.2764795
David Moore,80,847 Laura Crest Suite 692,Brandonfurt,Mississippi,78045,-159.516538,50.2429265
Theresa Wright,21,15512 Bethany Road,Milesburgh,South Carolina,73494,-84.775233,58.933597
John Woods,59,9914 Hunter Brook,Port Hannah,North Dakota,58007,-75.153389,20.698811
Cathy Hall,66,7469 Mary Wells,Hartstad,Rhode Island,34409,-103.197297,3.4667505
Julia Gonzalez,50,54859 Michelle Lake Apt. 632,New Jasonville,North Carolina,88890,162.318380,-84.8740505
Janice Walker,80,72993 Michelle Center Suite 876,Port Cherylfort,Iowa,83063,43.057134,-34.693953
Donna Hughes,54,92762 Krystal Street Apt. 271,Larrybury,Rhode Island,76733,-176.339236,-11.751341
Carla Wright,19,6257 Rebecca Keys Apt. 803,South Lisaville,Florida,60849,51.030300,81.671363
Patricia Torres,40,55987 Fisher Lodge Suite 826,Robertview,Wyoming,19425,175.724336,-85.3518595
Angelica Robinson,50,767 Ashley Tunnel Suite 233,Lake Davidstad,Wyoming,06698,-112.042829,42.6475745
Louis Pacheco,31,256 Travis Stream Suite 348,East Stephanieside,Oklahoma,60091,47.263316,2.347634
Timothy Howell,45,9583 Martin Drive,Port Jean,Montana,56013,-53.912835,71.1078235
Alexis Medina,53,121 Michael Ville Apt. 173,Stevensside,New York,54057,-41.747385,-12.0372105
Benjamin Meadows,41,357 Blair Canyon,West Brittney,Wisconsin,93422,-32.337899,22.509852
Dr. Nathan Maldonado,69,1689 Johnson Camp Apt. 271,South Melissabury,Nevada,57678,-64.307801,-63.6258395
Denise Dougherty,78,7954 Wright Fields,East Jessicashire,Utah,36505,-89.930293,-56.7038605
Christopher Johnson,77,071 Paul Grove,Sheliamouth,Pennsylvania,23647,-15.941099,-65.1576395
Jonathan Carlson,50,98043 Kim Inlet,Johnstad,Wisconsin,68583,-162.398955,-12.1892155
Andrew Ware,72,795 Lee Pine,Latoyatown,Indiana,88941,-27.492068,39.178456
Gerald Orozco,36,4094 Wolf Gardens,Andresberg,Connecticut,62154,-92.385001,80.004669
Matthew Jones,40,9235 Timothy Junction Suite 432,Lake Brianview,South Dakota,94030,57.959909,-25.598627
Jennifer Koch,36,184 Ariana Court,Port Robynmouth,Utah,12684,-80.208368,28.0135285
Brent Henry,69,4912 Todd Ridges Apt. 790,Aliciaburgh,Missouri,51193,14.884429,43.6712745
Courtney Tucker,41,8523 Mcbride Hill Apt. 078,Jeanstad,Alaska,98160,-122.583568,-19.9224615
Angela Bowers,43,0673 Mcguire Viaduct Suite 200,South Melissa,Nevada,46293,158.687265,44.135092
Jason Pena,45,1926 Paige Walk,East Markville,Wisconsin,84189,47.327123,39.051551
Jill Harper,46,26857 Marshall Skyway,Romeroville,New Jersey,05495,-173.815347,-65.8456935
Jonathan Smith,77,866 Derrick Ferry,Bowersside,Indiana,14351,-145.808630,-22.363297
Scott Herrera,55,3678 Castro Corners Apt. 798,North Rachelhaven,Tennessee,87786,144.077957,-5.341737
Michael Duarte,53,4718 Hall Courts Suite 544,New Anitamouth,Idaho,91567,-99.227670,12.725119
Heather Cunningham,18,8867 Laurie Plains,South Austin,Florida,06253,111.658049,42.749413
Brian Turner,45,94735 Davis Isle Suite 536,Port Jeffrey,New Jersey,43810,100.246298,-36.182948
Janet Johnson MD,69,9555 Rivera Lodge Suite 728,New Daniel,Missouri,16993,30.584573,-37.3290705
Allen Young,69,243 April Center,South Jenniferport,Utah,05155,0.247915,8.9333885
Jared Cochran,60,7549 Stewart Plains,North Lisaburgh,Indiana,69365,156.636621,84.754258
Michael George,58,33149 Steven Inlet,Jonesstad,Nevada,73258,9.849868,9.103257
Kelly Vargas,23,3369 Ann Court,Port Adam,South Dakota,60421,163.303948,-32.663217
Richard Molina,80,046 Smith Alley Apt. 807,Kelseyberg,Iowa,87804,174.993715,-77.6611985
Michael Ferguson,47,89532 Joseph Island,Carrside,Kentucky,41495,73.049817,45.0722145
Mrs. Kimberly Maxwell,43,35416 Jasmine Cape Suite 467,Johnsonville,Pennsylvania,29217,-129.954286,-15.999951
James Mason,39,1329 Warner Stravenue,Port Crystal,Texas,13500,14.438266,17.0551095
Kimberly Hansen,69,5726 Dorothy Ways,Lake Danielport,Tennessee,99527,121.490354,26.9992585
Sean Sutton,69,653 Rachel Orchard Suite 060,New Stephen,Rhode Island,96314,99.665900,-0.663584
Laurie Berger,37,2414 Evans Dale Suite 299,Jamesview,New Mexico,25479,-43.212430,2.9069235
Frank Gonzales,48,97298 Daniel Streets Suite 837,Lisaville,Arkansas,22588,-126.451114,40.867633
Tamara Smith,41,41559 Odonnell Rue Apt. 626,Marybury,Rhode Island,35792,-123.844267,31.5923145
Theresa Jackson,69,8393 Brennan Radial,Stevenstown,Nevada,79638,132.322326,-74.2538235
Jacob Zuniga,68,130 Figueroa Plains,Smithport,Indiana,04283,102.963342,-77.747035
Marc Jones,78,2461 Lori Viaduct,North Samanthastad,Virginia,02239,77.515291,6.1634645
Rachel Cunningham,80,805 Vincent Terrace Apt. 928,New Barbara,Arkansas,26168,168.260685,8.5322835
Christina Barker,26,00509 Young Shoals Apt. 533,Amyfort,Oklahoma,80930,8.957244,10.6669805
Matthew Skinner,34,3155 Thomas Parks,Port Julie,North Carolina,32543,-97.409801,-13.8542725
Christine Reynolds,26,801 Luke Road Suite 150,New Lancebury,South Carolina,31533,-161.111162,18.4432905
Joseph Ortiz,22,72395 Terry Parkway Suite 403,Edwardsstad,Virginia,97645,32.345973,27.425884
Jo Jackson,23,4826 Megan Lodge Apt. 061,Kimberlyfurt,Indiana,73641,149.094078,55.618530
Amanda Gomez,65,3346 Adam Fort,North Garymouth,North Dakota,39809,-31.522063,-55.733287
Jackie Ramirez,56,575 Bryant Throughway Apt. 038,Williamsville,Louisiana,97055,12.855878,71.6925365
Joel Smith,62,9865 Madison Center Suite 108,Sosahaven,Delaware,93637,148.743129,-6.712015
Jeremy Vazquez,21,572 Murphy Walk Apt. 959,Hillfort,Maryland,32484,-103.004569,8.011691
Brenda Bonilla,36,6481 Andrew Garden Suite 629,Hickshaven,Pennsylvania,52490,101.888941,15.3783105
Alexa Diaz,61,92864 Diaz Fields,Carlsonshire,New York,39427,47.249517,84.3590105
Lisa Bell,38,586 Sarah Plains,Lake Lisa,Mississippi,99134,-99.748378,-59.048773
Peter Coffey,30,111 Susan Course Suite 886,New Catherinefort,Tennessee,95173,23.010991,-7.129637
Patrick Brown,57,5587 Tony Port,Marissahaven,Hawaii,07984,-44.569391,67.295063
Jeffrey Casey,26,1672 Craig Rest,Lake Christopherland,Maine,53482,-57.993928,38.328361
Jared Young,30,6390 Turner Island Apt. 758,Coxside,Minnesota,39204,123.519207,83.055843
Kathy Guerrero,66,2010 Fritz Inlet Suite 965,Jeffreyside,Arizona,03168,-23.671743,-46.5421235
Donald Davis,19,25674 Sean Plains,East Tiffany,Maine,40883,-19.883554,81.630657
Deborah Shannon,55,884 Angelica Street,Hernandezhaven,Illinois,07614,93.238716,6.4040395
Daniel Dyer,27,233 James Road Suite 441,Douglasstad,Pennsylvania,84650,-34.219121,-64.3453565
Kyle Barnes,60,74617 Williams Inlet,West Thomas,Nebraska,12899,35.930789,-67.2716735
Elizabeth Roach,66,640 Gutierrez Orchard Apt. 564,Melaniemouth,New Mexico,91154,-106.749793,85.826176
Robert Mitchell,57,027 Angela Loop,Collinsberg,Georgia,02770,-118.698516,15.916643
James Blair,53,36833 Thomas Inlet,West Michael,Pennsylvania,10865,136.862649,45.118197
Joseph Clements,29,880 Robert Cove Suite 207,Port Ashleytown,New Mexico,39748,-63.191325,-3.923139
Daniel Valdez,19,65615 Fernandez Street Suite 601,Lake Davidport,Delaware,27150,-112.495135,71.861097
Caitlin Hogan,64,8951 Scott Extension Suite 137,Gonzalezshire,Hawaii,46272,-98.947352,78.452008
Jacob Wiley,64,239 Jenna Pass Suite 026,South Christine,Minnesota,07737,-33.230440,-9.049777
Dawn Hunter,25,867 Schultz Route,Cookport,Utah,10044,116.911700,-42.6818885
Deborah Larsen,68,23306 Robertson Flats,Jacobburgh,North Carolina,27790,131.124546,52.9644235
Olivia Crawford,73,36148 Robert Vista Suite 868,Riosmouth,Washington,75932,-176.317079,-57.260245
Mitchell Clarke,55,61977 Doyle Ports Apt. 494,Lake Laurenport,Hawaii,89020,-79.057959,4.402377
Frank Shepherd,63,2428 Wendy Courts Suite 333,Lake Christina,South Dakota,86808,41.856597,50.315221
Barbara Cobb,65,300 Alison Drive,Lake Kenneth,Utah,61467,171.036576,40.431208
Shannon Ware,26,692 Dennis Flat Suite 334,Wheelerville,Vermont,09168,131.269032,75.9643905
Abigail Hernandez,62,52340 Rodney Meadows,Barberstad,Indiana,39686,-168.113203,-18.1069885
Rebecca Boyd,67,8208 Turner Corner,Katelynshire,South Carolina,89051,70.131053,54.1580465
Matthew Hurley,76,17642 Dodson Turnpike,Aprilmouth,Arizona,72015,148.313736,76.6309375
Mrs. Kristin Knox MD,57,149 Robert Squares Apt. 948,Port Rebeccafurt,Maryland,35596,-179.239132,-67.6837505
Marissa Fields,42,885 Christopher Green,Robertburgh,Oklahoma,70033,166.007489,-19.522442
Amy Perry,47,835 Connie Fork Apt. 682,Davisborough,Hawaii,32109,18.857727,63.0632255
Samuel Hogan,66,8183 Cory Fort Apt. 455,West Brad,Maryland,96379,151.073520,-57.0805715
Brenda Hull,66,09852 Stewart Mews Suite 114,Websterburgh,Colorado,41795,-70.937499,-1.6626675
Garrett Chavez,23,17714 Brandon Junctions,South Shaneborough,Michigan,53963,89.401257,-81.2760795
Katherine Freeman,79,0276 Sarah Rue Apt. 459,Scottburgh,New Mexico,78808,109.317114,-88.5077635
Maria Ramirez,37,7673 Natalie Avenue,West Maryfurt,Illinois,20049,154.754481,-49.047093
Tracy Bush,62,71108 Jones Square,South Kevinton,Utah,80631,-140.742130,-52.299720
Bobby Lee,35,00918 Smith Plain,Timothychester,West Virginia,01101,-87.295476,30.5773285
Rodney Gonzalez,70,04009 Jennifer Roads,Kevinbury,Washington,83876,-76.017567,-60.7227705
Lisa Acevedo,69,859 Johnson Fort,Kevinville,Louisiana,36754,-156.842716,-73.276808
James Warren,72,488 Angela Route Apt. 591,North Kerryshire,Alabama,71395,-132.324251,88.9375625
Kimberly Casey,44,03492 Wang Ridges,East Ryan,Connecticut,23187,-45.181633,-79.388056
Brett Robinson,20,1960 Hansen Road Suite 935,South Jessica,Arkansas,25983,-14.347102,-2.2539305
Jason Shah,45,1407 Robert Divide,South Steven,Oregon,80094,125.383054,62.8739585
Micheal Gray,31,621 Scott Square,New Amanda,West Virginia,48395,83.135852,-14.651569
Samantha Wright,55,57845 Davis Court Apt. 753,Port Christopher,Louisiana,01963,-33.588708,-89.0822055
Amanda Walsh,25,01829 Graves Passage Apt. 934,New Seanland,Illinois,28372,-58.578384,31.8520515
Emily Cooper,69,23474 Nicole Junctions,Johnhaven,Nebraska,43031,-66.584291,-67.3039825
Christopher Clark,64,7863 Gray Manors Apt. 090,Wadestad,Alabama,43389,112.769086,-69.913659
Tyler Gonzalez,62,4291 Jonathan Streets,Kyleburgh,Arizona,45962,73.960830,-59.301618
Michael Patel,36,7980 Steven Creek Apt. 050,Jesseside,Illinois,90824,24.868610,66.2472985
Christopher Lopez,77,5724 Lisa Ports Apt. 040,Hoganport,Georgia,04671,-21.061342,12.8385585
Emily Rodriguez,61,1963 Williams Streets,Gonzalezhaven,Kentucky,53456,-32.795571,-19.8720445
Norman Bell Jr.,64,12313 Gomez Spurs Suite 590,East Robyn,Arizona,97165,-90.503100,-44.679039
Christine Chapman,48,142 Jordan Meadow,Mcdanielhaven,Iowa,68399,0.463898,15.938497
Lisa Hall,42,2286 Nancy Port,New Suzanne,Iowa,18240,-61.577386,-62.619811
Brad Glover,20,30190 Shannon Place,Rayport,Delaware,61068,-142.874578,57.7191725
Michael Walker,32,13754 Rodriguez Spur Suite 538,Davisfurt,Oregon,01787,-78.058487,25.283471
Diana Brown,63,769 Rachael Port Suite 096,North Robertton,Georgia,02194,-46.807491,-35.4146635
Danielle Juarez,32,59262 Michelle Overpass Suite 489,New Kendra,South Dakota,89664,3.353055,82.2654225
Joseph Gibson,31,657 Johnson View,Port Candice,Wyoming,39210,92.916211,36.288803
Elizabeth Berry,34,41830 Moore Manor Suite 128,West Williamside,Utah,99120,-32.448057,-40.1723965
Andrea Adams,52,7659 Angela Lodge,West Nicolestad,Connecticut,25326,98.665238,29.040037
Rebecca Stewart,40,97886 Eric Highway Suite 094,Franklinfort,Indiana,00542,-80.602910,23.7395665
Lee Frye,72,67715 Hayes River Apt. 211,Lake Joannabury,Connecticut,27874,-27.735645,45.436536
Jeffrey Beard,80,9276 Kemp Mountain,East Ashley,Michigan,59780,135.831683,29.605068
James Wilcox,33,6531 Ricardo Valleys,Patrickbury,New Mexico,78564,163.317539,19.003934
Margaret Padilla,54,964 Tiffany Inlet,Donnaside,Mississippi,66521,118.014184,37.932448
Michael Cuevas,76,662 Ruiz Row,Alyssatown,Washington,98155,121.744288,72.0994815
Adrian Pittman,65,8055 Jessica Burgs,North Mary,Nevada,73815,114.948120,56.5981905
John Dean,34,04502 Montoya Circle Apt. 808,Barberville,Oklahoma,25248,96.672278,84.173114
Amy Ramirez,57,391 Hannah Plaza Suite 124,Lopezmouth,South Dakota,17489,119.723831,-70.3189105
Rachael Bailey,62,86720 Foster Garden Apt. 897,Port Regina,Missouri,94391,-14.263126,-3.4423345
Michael Fisher,40,23623 Mccormick Heights,North Seanchester,West Virginia,89486,136.394801,-3.7270175
Jeffrey Maxwell,41,73127 Branch Plain Suite 446,Angelafort,Iowa,95233,-27.411143,65.161831
Ryan Vazquez,66,20650 Miller Heights Apt. 744,Heatherland,New Hampshire,69013,128.678256,-3.706441
Joshua Jones,52,798 Thomas Isle Apt. 357,South Craighaven,Florida,06980,140.666035,52.413882
Kimberly Buck,70,77716 Neal Brooks Suite 820,New Madison,Oregon,87187,50.475902,-83.4160625
John Wolf,79,99891 Mitchell Groves,West Rebekah,Oklahoma,56507,-88.969017,-65.359245
Joy Williams,32,356 David Estate,Port Curtiston,Nevada,66230,-128.292253,-81.714586
Jessica Casey,48,6485 Jose Mountain,West Matthewmouth,Minnesota,07157,87.304649,-24.5659525
Tyler Johnson,24,27070 Jones Forks Apt. 650,Perkinsborough,Michigan,13834,-73.487450,-35.944485
Connie Summers,74,0005 Lopez Ways Suite 282,Lake Austin,South Carolina,72118,-44.189749,-40.3349485
Barbara Martinez,65,717 Laura Pass,Woodtown,Idaho,95417,43.015000,43.8817105
Ronald Rogers,70,949 Sarah Route Suite 602,Rebeccachester,Florida,88127,107.314231,88.643340
Wendy Alexander,40,509 Richard Mews,Littleland,New Mexico,62792,92.409482,45.030924
James Barker,35,453 Hardy Villages Suite 583,Mariachester,Wyoming,74204,48.692786,49.5894345
Lisa Walsh,50,0145 Reyes Track Suite 809,Port Rebeccaside,Oklahoma,63446,-156.308656,-39.2706525
Douglas Jones,30,65032 David Mountains,Odonnellton,Indiana,85452,168.089051,-63.1351125
Jacob Shelton,48,04480 Strickland Lakes Apt. 853,West Sharon,Virginia,16537,45.499360,-67.2467975
Michelle Diaz,59,4035 Sawyer Viaduct Apt. 054,South Jeffreyville,New Hampshire,23944,15.817035,10.787707
Darren Buchanan,62,9091 Bender Lock Suite 041,Robinsonshire,Minnesota,42331,-174.653877,23.3438875
Ryan Miller,67,747 Nelson Rest Suite 867,Port Robertside,Oklahoma,95348,-17.572509,-62.8420385
Jose Davis,70,36908 Eric Camp Apt. 718,West Frank,West Virginia,71995,-115.033655,40.0674365
Lindsey Young,22,9581 Joseph Hills Apt. 506,North Andrea,Colorado,28102,164.863461,6.3369305
Angelica Compton,27,4988 Shelley Center Suite 158,South Zacharyton,Tennessee,45835,4.711756,-47.372306
Eileen Murphy,77,1190 Martinez Brooks,Alvarezview,Georgia,39774,-141.684546,48.642637
Steven Finley PhD,34,57370 Smith Oval,Lake Matthew,Utah,40140,40.345521,-40.5911995
Charles Crosby,51,5360 Daniel Loop,South Brandon,Georgia,13523,-46.104600,-0.5595885
Richard Daniels,22,0401 Kayla Neck Apt. 206,South Justintown,Oklahoma,22075,-20.701796,-31.6655785
Sheila Perez,66,672 Diaz Harbor,Brendaview,Kentucky,67718,-24.048324,-17.655838
Matthew Gray,47,186 Michael Course Apt. 126,Padillaport,West Virginia,74033,50.506306,56.675732
Mallory Branch,28,3925 Andersen Center,Hamiltonstad,Minnesota,00557,-52.648256,73.1410845
Michelle Sullivan,26,3380 Bell Square,South Matthew,Montana,86696,-69.084263,12.389246
Joshua Myers,72,4016 Randall Crossing,Kellybury,Iowa,40255,41.514086,-65.879391
Greg Tyler,72,11886 Jennifer Lodge,Maryfort,Mississippi,19435,154.738437,-81.004817
Susan Arias,74,650 Young Run Suite 097,New Brianberg,Arizona,63480,150.180508,-10.0971625
Aaron Byrd,71,391 Sharon Trafficway,New Danielle,South Dakota,93719,54.392476,-52.706997
Amy Burns MD,35,90147 Hess Plain,Kellymouth,Alaska,07496,-99.360287,31.021128
Tracy Ramsey,56,48755 Jerry Ridge,West Matthewton,Texas,86103,159.504586,-10.847179
Matthew George,46,38501 Figueroa Flat,North Justin,Massachusetts,83592,-119.506871,-39.8891395
John Burke,79,1667 Christopher Landing Apt. 228,Markshire,Oklahoma,62731,-56.685402,-86.223945
Christopher Walton,59,060 Potter Cove,Vickieborough,Georgia,26005,-70.293213,82.6214605
Erica Perkins,45,79440 Debra Trace,Hughesfurt,Tennessee,39984,108.364402,18.2596415
Julie Rhodes,35,860 Shannon Lights Apt. 270,Port Thomasmouth,Montana,54485,-50.430622,-88.311082
Kristina Weaver,20,9377 Hernandez Center,New Rachel,South Dakota,16275,-128.227490,68.538782
John Marsh,46,86713 Benson Glen,North Valerieton,New Mexico,84620,158.435843,-65.731900
Janet Fuller,22,52899 Nelson Pine Apt. 044,New Tiffany,Washington,28693,25.191308,-70.5185115
Anthony Hobbs,50,457 Perry Groves,New Timothy,North Carolina,18679,108.215045,-63.903287
Kenneth French,74,2627 Victoria Tunnel Apt. 099,Jennifershire,Oklahoma,37570,139.884104,89.546029
Robert Deleon,36,5790 Thompson Parks Suite 000,North Patricia,Hawaii,93476,4.583426,-51.1261075
Johnathan Miller,55,6561 Mendoza Stream Suite 578,Robertside,New York,11262,-27.835538,48.9990645
Matthew Wiley,60,068 Nguyen Parkways Suite 270,Josephtown,New Hampshire,78257,-6.146712,53.778666
Maureen Wiggins,75,837 Brian Creek Apt. 648,West Angelamouth,Rhode Island,28473,91.591429,-10.7117835
Andrea Wilson,79,664 Sullivan Courts Suite 187,Lake Coreyville,Washington,82819,-107.307980,-41.385251
Scott Lane,19,21996 Larry Gardens Apt. 023,Bowmanberg,Wisconsin,19923,79.957542,-38.3689115
Dr. Robert Gilmore II,58,25301 Edward Expressway,West Josephtown,Pennsylvania,64810,-77.414555,-15.747750
Alan Evans,59,78216 Wilson Island Apt. 129,East Karaport,Alabama,47154,-123.831513,-32.3831455
Eric Brown,43,913 Mueller Motorway Suite 333,New Stephaniehaven,Arizona,01929,161.726877,-65.8440395
Danielle Watts,75,230 Marshall Ways Apt. 413,East Markbury,Oregon,36466,63.344256,-84.2979645
Victoria Wells,61,85024 Eric Pine,South Xaviershire,New Hampshire,40298,95.797801,-60.9908035
Jared Carpenter,23,67324 Sandy Fields Suite 469,Erinbury,Illinois,12055,-88.290142,-12.053479
Carol Brandt,80,43409 Ross Key,North Dannyport,Oregon,70116,-118.115506,74.664954
Joseph Hayes,42,5336 Dawn Circle Apt. 471,Smithstad,Oklahoma,23064,-36.524388,17.448607
Jose Acosta,62,2513 Haley Hill Apt. 565,Danielleborough,Ohio,57415,126.386729,-29.9929835
Francisco Johnson,37,3146 Jeffrey Isle Apt. 302,Lake Carol,South Carolina,73834,79.150899,-65.091407
Caitlin Peterson,39,9515 Craig Station Apt. 911,Loriburgh,Alabama,18004,-130.791740,61.769284
Thomas Simpson,30,409 Scott Highway,Harrisstad,Massachusetts,54032,-178.956923,78.0921475
Tanner Walker,66,5127 Cummings Manor,Lake Jenniferbury,Maine,01855,-3.903293,-27.6449675
Catherine Bennett,62,1174 Andrew Flat,West Michaelview,West Virginia,56363,31.860601,20.563607
Ruth Bailey,56,919 Kevin Square Apt. 531,East Edward,Delaware,79248,41.321667,19.5610645
Madeline Martin,55,46513 West Parkways Suite 082,South Marissa,Pennsylvania,37993,-110.873283,-87.8791825
Kayla Reid,30,0247 Brittney Meadows,Jonesside,Michigan,44646,80.528018,26.586785
Adam Ortiz,56,776 Tiffany Lakes Suite 999,Martinezland,Vermont,19039,-41.249250,-56.562061
Brett Woodard,75,33166 Scott Mountain,Michaelville,Virginia,17483,138.139536,79.0946185
Roberto Duncan,51,59051 Greg Place,North Kevinmouth,Oklahoma,61841,97.725283,-86.1350015
Joe Powell,46,777 Perry Lakes,South Charlestown,Kentucky,85372,85.340808,79.786627
Donald Rowe,20,7920 Kara Walk Suite 744,Burketown,West Virginia,98584,-83.428493,-52.173301
Adam Nelson,55,0239 Jamie Mill,Bradystad,New Hampshire,45191,98.042019,-25.2679895
Mary Shelton,25,54597 Mendoza Course,Zacharyport,Idaho,05150,54.267473,19.1546475
Charlotte Vasquez,20,76762 Phillips Way,Port Denise,Washington,81080,42.434953,80.8117925
Cheryl Mcdowell,33,172 Anne Spur Apt. 027,Trujillobury,North Dakota,23608,-130.562350,-89.153292
Richard Williams,38,8704 Renee Extension Suite 272,Phillipsmouth,Vermont,78294,16.688203,-44.072481
Jennifer Moses,42,11676 Shelton Parkways,Colemanton,South Dakota,45723,-84.970850,86.404487
Ashley Hurst,34,69540 John Run,Jackberg,Oklahoma,72592,59.337503,2.083995
Joseph Juarez,22,11180 Christopher Locks,Lake Josephfort,New Hampshire,57400,-109.125814,30.4345265
Dr. Carl Marshall Jr.,19,5021 Miller Parks Suite 035,South Douglaschester,New Hampshire,87772,-66.395303,73.062601
Ryan Jackson,55,18089 Garcia Pike,Lake Morganhaven,Hawaii,77323,-81.183734,-85.112539
Margaret Rubio,79,03670 Michael Plain,South Kathrynfort,South Carolina,00915,104.922906,77.3938395
Derek Harper,26,8145 Rose Place Apt. 016,Lake Sarahstad,North Carolina,08189,-65.249712,19.846329
John Stanley,49,9683 Jessica Estate,East Kenneth,North Dakota,33190,-158.458453,-45.3633515
Patrick Holmes,69,6078 Laura Loop,Lake Melissafort,Minnesota,77510,-62.883849,-39.6414565
Heather Kim,39,1515 Brett Loop,New Sheristad,Iowa,61570,-44.400316,6.9084325
Stacey Sanders,54,44283 Melinda Burgs Suite 183,Port Cindyfurt,New Jersey,88798,23.995188,24.7511965
Robert Carter,42,183 Mark Mission,North Andreahaven,New Jersey,73915,-71.166959,52.9418775
Vicki Cook,51,248 Tamara Islands Apt. 419,Macdonaldville,Delaware,79911,-105.684426,24.0519875
Kenneth Mclean,43,011 Andrews Prairie Suite 574,Lake Caitlin,Utah,14579,66.008082,25.2221165
Steve Sullivan,71,875 Kelly Field Apt. 926,New Julie,Kansas,88650,93.306653,4.881588
Erin Roberts,48,946 Denise Parkway Suite 747,Chungport,Delaware,83788,-118.866847,-84.682873
Mary Lawson,55,48417 Alan Via Apt. 262,Amyland,Florida,20926,-41.259337,-66.4773525
Michael Moran,65,759 Sierra Causeway,Youngstad,Indiana,56083,147.614780,-70.7972185
Dr. Jennifer Evans,31,7527 Zamora Fields Suite 850,Patriciamouth,Illinois,65263,-115.183398,55.3850845
Sara Schroeder,58,076 Hansen Park,Cynthiamouth,Washington,14126,126.933434,-54.1383185
Michelle Ray,21,99409 Ruiz Points Suite 187,East Joeberg,Nevada,00545,-57.873070,-1.3136115
Laurie Osborn,41,406 Kevin Court,Shermanmouth,Illinois,25920,128.370470,-89.0658115
Janice Dominguez,58,31146 Juan Camp Suite 843,Conniestad,Kansas,57063,127.426308,15.2752395
Donald Campos,55,79893 Valdez Plain,Clarkstad,Iowa,48022,176.432125,42.2922555
Jennifer Bauer,20,98907 Robert Causeway Apt. 041,South Josephberg,New Hampshire,03134,-101.660488,17.8919665
Alice Knight,51,3782 Lozano Corner Suite 426,Fischerborough,Vermont,69145,-38.676943,9.641592
Tonya Sharp,21,8563 Hayden Mills,Phillipsmouth,Hawaii,66994,56.877866,59.469172
Sandra Austin,24,6050 Turner Tunnel,East Oliviaville,Florida,36739,159.542715,41.745589
Alejandra Morris,58,6204 Barbara Rapids Suite 325,Melissaside,Maine,72827,45.187080,-45.065718
Teresa Martinez,29,868 Angela Ports,South Bonniestad,Idaho,24271,26.195250,-38.717102
Willie Cox,62,14494 Timothy Mall,West David,Nebraska,23952,7.218606,-30.871336
Lisa Harris,65,9166 Douglas Crest Suite 867,Lake Michaelhaven,Minnesota,96461,-0.164142,49.960733
David Clark,69,2238 Chapman Island Suite 392,New Johnbury,Kansas,80467,-127.421674,66.3600615
Alexandra Hunter,53,65410 Brown Road,Port Felicia,Alaska,33596,136.669462,6.5698155
David Rodriguez,21,256 Cassie Fork,Lestertown,Maine,35708,-77.372099,6.130658
Susan Smith,42,227 Alexander Extensions,Lawsonbury,Vermont,11958,-39.331545,68.1086665
Natalie Martin,24,030 Chaney Route Suite 000,Jasonside,West Virginia,79858,170.551099,5.4629785
Nicole Bartlett,20,9822 Beverly Port,Beckystad,Montana,35260,109.632264,89.1897825
Jennifer Alexander,55,2524 Smith Isle Suite 769,Maryside,Virginia,52981,144.081933,15.196827
Michael Barrett,68,8001 Diaz Plains Apt. 249,Lauramouth,Virginia,58835,-149.885264,-18.7595405
Joshua Saunders,30,792 Harris Dale Suite 698,Wheelerton,South Carolina,95171,-179.862757,31.906679
Diane Clayton,48,3494 Michelle Islands,Smithfort,Hawaii,38740,167.400047,-20.335961
Joseph Phillips,65,562 Morris Gateway Apt. 298,Bradleymouth,Missouri,41439,-84.923522,33.2726695
Suzanne Hull,26,8062 Martinez Forges,West Katherinehaven,Vermont,71901,-120.552425,19.6226155
Mr. Brian Cox,40,26232 Schaefer Mission Suite 572,West Johnbury,Maine,36139,-135.458487,22.0406455
Yolanda Martinez,65,9128 Donna Camp Suite 153,Keithburgh,Maine,70902,27.923569,-26.476990
Elizabeth Ramirez DVM,75,660 Moore Run Suite 826,Port Gregoryport,Rhode Island,40624,75.290301,84.3188895
John Walters,42,772 Mckinney Tunnel,Elizabethmouth,Illinois,29714,-40.635665,30.933970
Erin Hall,20,682 Victor Camp,East Christopherland,Oklahoma,56694,57.283822,-3.3621545
Eric Medina,22,42139 Adam Islands,Lake Nicoleview,South Carolina,32697,-168.427984,-24.224047
Robert Beasley,32,9976 Rodriguez Drive,West Amy,Alabama,21866,-132.442713,-29.9409775
Jacqueline Heath,57,7385 Dawn Street,Andreaville,Mississippi,80584,-16.901958,-10.9423425
Lisa Lopez,73,70158 Michael Rapid,Port Anthony,Minnesota,30775,-170.873557,81.567113
Scott Valentine PhD,73,46234 Hartman Ways Apt. 402,Hernandezmouth,Vermont,24636,-167.971255,30.771484
Scott Ramsey,64,2419 Jones Squares,South Juan,Minnesota,81085,87.455915,-11.3359185
Jordan Miller,39,651 Watson Stream Suite 069,South Matthewberg,Utah,35870,-113.653046,-85.2852005
Shane Jordan,68,25741 Barbara Wells,Hallstad,Minnesota,37219,70.456040,-25.6696865
Amy Cook,58,18321 Jason Crest Suite 208,South Mary,Alaska,91922,-154.334621,-58.7092475
Elaine Day,27,998 Timothy Overpass,Mortonmouth,Minnesota,71298,-122.884628,-23.366920
Roberta Moreno,48,110 Chapman Falls Suite 380,East Molly,Ohio,39553,-140.548133,-68.2589345
Kayla Davis,64,154 Greer Underpass,Greeneberg,Florida,33760,167.780170,-75.8871795
Savannah Hernandez,32,8789 Sheila Brook,Port Summer,Virginia,35930,90.225856,-63.501140
Cynthia Watkins,72,43337 Haynes Shoal,West Anthony,Pennsylvania,28669,-123.433635,-42.3589495
Ricardo Cook,73,5844 Jimenez Villages,Lake Robert,Massachusetts,43650,-3.748990,41.226502
Rebecca Roach,34,50300 Wilson Lights Apt. 791,New Jennifermouth,Georgia,09369,-34.137980,18.099711
Sue Smith,52,2987 Lamb Oval,Jocelynview,Washington,12239,163.734705,-81.539834
David Green,73,0207 Duffy Road Suite 069,South Taylor,Maryland,81593,-16.307373,25.577078
Leslie Washington,26,71499 Cole Ports,East Michaeltown,Montana,87886,123.051487,-30.8015325
Brian Johnson,18,74444 Hodges Villages Suite 056,Port Teresafort,Ohio,31472,-130.324827,-89.326570
Megan West,23,80201 Peters Lights,Taylorton,Colorado,31095,-26.346053,-85.180009
Virginia Lee,34,0068 Washington Spring,Robertborough,New Hampshire,95959,-40.811194,18.975888
Sara Stevens,29,42678 Alvin Field,Reevesfurt,New York,58021,-162.779483,-11.629180
Derek Gates,23,91113 Diane Orchard,North Virginiafurt,Kansas,76759,127.201065,67.758545
Ann Miles,28,415 Sheena Neck Suite 980,East Davidview,Mississippi,64988,-45.797990,37.881552
Becky Cantrell,79,5556 Hall Spur,Pachecomouth,Rhode Island,91367,-140.597780,41.488203
Jasmine Blake,29,514 Kerry Wall Apt. 184,North Stevenburgh,Missouri,77406,-98.260267,22.2198205
Daniel Martin,65,750 Small Pine Suite 822,Lake Aaron,Florida,55174,-54.091701,-57.7953725
Joshua Martinez,55,091 Le Loaf Apt. 740,Ruizhaven,Idaho,10933,90.826058,68.930118
Diana Hutchinson,41,83592 Ward Turnpike Apt. 956,Whitneyshire,Florida,04016,82.743948,-25.8438225
Edward Burgess,71,4544 Howard Fields Apt. 483,Drakeborough,New Hampshire,59960,-124.857200,-87.906939
Lisa Hunter,44,398 Mcdowell Dale,Markport,New York,10703,80.122781,61.171465
Kimberly Green,74,751 Wilson Course,Gonzalezberg,Hawaii,56177,178.677949,60.4794415
Mrs. Shirley Pacheco,73,22131 Jordan Walks Apt. 898,Port Wanda,New Hampshire,36680,-120.655461,65.702717
Nicole Gross,41,2994 Bennett Valleys Suite 869,Michaelstad,New York,44476,-32.814047,-17.415565
Christopher Fowler,44,85046 Figueroa Ville,Oliviachester,Connecticut,20392,95.617707,77.314929
Jillian Lee,47,59867 Heather Lane,Greenmouth,Mississippi,36887,-156.462100,-85.737959
Robert Wolf,18,230 Walker Knolls Apt. 681,South Melissaton,New Hampshire,48194,170.551460,17.713873
Jason Acosta,51,99310 William Streets,Tylerborough,Indiana,91880,158.596727,-59.132085
Robert Mendoza,64,986 Erin Forge,Thomasstad,Tennessee,92858,49.650635,-66.5203185
Steven Gonzalez,52,8458 Ware Place Apt. 019,West Dennisport,Indiana,64189,150.504151,-88.4883565
Wendy Carson,40,34978 Lopez Burg Suite 763,East Michaelburgh,North Dakota,62551,15.393441,-63.751743
Rebecca Rollins,61,343 Hill Fords,Samanthahaven,Idaho,32929,10.380731,-16.4854025
Brian Lucero,40,91758 John Roads,Lake Nicoleton,Iowa,59941,116.742262,54.9537735
Kevin Kirby,44,5820 Willis Rapids Suite 218,Bennettfurt,Missouri,64251,-98.338353,-16.712485
Jose Parker,41,03973 Kline Fall Suite 136,Tiffanyton,Oklahoma,82810,34.789511,-22.4846575
David Jones,19,7694 Tonya Walks,Kaylastad,Texas,48882,-53.694142,80.4244595
Nicholas Castillo,47,615 Ho Highway,West Pamelamouth,Wisconsin,65127,124.609942,19.7675325
Dana Rodriguez,79,48650 Smith Islands,New Anthonymouth,Alabama,17726,154.942135,67.241792
Charles Dixon,43,7871 Schultz Cape,Mitchellport,Hawaii,87743,58.206525,-69.8428485
Samantha Anderson,61,8087 Nicholson Course Apt. 361,Ericfurt,Alaska,62137,-8.859817,-88.0731875
Deanna Roy,38,84199 Janet Inlet Apt. 125,East Kayleetown,South Carolina,10124,-4.857849,-31.209155
Robert Johnson,49,815 Carlos Union Suite 057,Barnesstad,Massachusetts,24940,-45.500343,9.1827835
Alicia Bradford,54,78343 Rhonda Dale Apt. 125,Nguyenton,Missouri,22478,148.612494,-47.4046275
Kimberly Long,60,4686 Joseph Walks,Andersonburgh,Vermont,80351,-23.177753,28.334442
Zachary Tate,66,626 Lucero Land Apt. 861,Davishaven,Oklahoma,91631,64.376694,-6.848544
Monica Jackson,37,2031 Jessica Passage Suite 987,Brandonville,New Jersey,47393,-113.088737,-40.162905
Yvonne Johnson,63,268 Kaufman Walk,Waltershire,Minnesota,87477,117.691754,20.564013
Lori Barron,62,4756 Schmidt Walks,Jamestown,West Virginia,38508,-28.708606,-73.797286
Charles Clark,28,95815 Larry Ville Apt. 851,Jessicaburgh,Washington,73060,16.047603,-65.6737565
Rebecca Robles,61,0826 Michael Roads,Smithport,Connecticut,51532,-142.443917,-23.1545645
Kayla Mitchell,48,51209 Ronald Villages Suite 761,East Kimberlyton,Arizona,08272,178.133565,13.846983
Dr. Susan Thompson MD,70,1064 Sandra Forest,Port Jeffrey,Louisiana,84742,-2.738525,-80.7087855
David Montoya,78,7818 Breanna Spurs,Port Carrieshire,Arizona,67792,-103.898664,22.6283255
Rachel Gibson,37,8070 Carrie Port Apt. 364,East Nathanville,Alabama,41546,99.747606,-51.065797
Frederick Cooper,51,5510 Wheeler Loaf Apt. 267,North Joshuaborough,Vermont,25322,75.725600,13.069926
Kimberly Peterson,53,3235 Barnett Courts Suite 064,Michelleberg,Massachusetts,99617,-8.721800,-79.8928855
Donald Thompson,71,713 Stephanie Greens Apt. 852,Kimberlyville,Maine,04974,-33.353806,66.6183405
Robert Horne,39,833 Nathan Valley,East Christopherview,Montana,79772,125.439525,46.656024
Rachel Cain,78,26850 Craig Trail,Ryanstad,North Dakota,54872,-91.426762,-21.1977325
Kathy Hogan,38,149 Ward Fields,South Andreamouth,Wisconsin,66940,108.117356,-30.719127
Emily Perry DDS,48,54062 Shea Orchard Apt. 858,West Kathybury,Pennsylvania,23691,-109.696972,52.843861
Ralph Thompson,20,67010 Benjamin Haven Apt. 759,Scotttown,Alaska,68248,-136.687523,-69.6189705
Jennifer Roman,64,14302 Carolyn Circles,South Tiffanyhaven,Pennsylvania,73480,-52.363118,-81.267412
Monique Mcdaniel,25,3434 Carter Walk,Leonardshire,Hawaii,28211,-4.088870,3.348086
Amanda Taylor,76,45032 Tammy Trafficway Suite 879,Danielfort,North Carolina,67599,179.947687,-20.803946
Jessica Murray,46,339 Edwin Orchard,Tammyshire,New York,27691,-23.051941,53.288733
Samantha Mcclain,39,6624 Graham Ways Suite 211,East Ashleyborough,Tennessee,36094,116.859544,53.0851265
Stephanie Archer,25,9534 Fields Lodge Apt. 263,Lake Jacobfort,Illinois,99598,-46.419689,12.979455
Wendy Vang,19,61673 Carrie Port Suite 089,Newmanside,Delaware,85479,-146.351410,30.3132725
Bethany Sandoval,25,050 Samantha Station,South Brandon,California,76698,-46.525401,-81.638437
Adam Williamson,22,87284 Evelyn Keys Apt. 396,South Thomastown,Mississippi,76195,148.715754,30.4615075
Francis Byrd,44,68324 Green Club,Justinport,Connecticut,77955,-166.671928,-19.7078285
Steven Watson,42,69336 Cynthia Greens,West Stacymouth,Utah,54267,94.614195,-77.4658795
Kimberly Coleman,36,098 Brown Plaza,East Kennethland,California,18764,-137.710139,-8.887711
James Lopez,40,3448 Mejia Circles Suite 892,Saundersstad,Minnesota,65096,153.576308,40.668421
Jennifer Chan,59,15909 Nicholas Fords,Carriechester,Wisconsin,16833,-53.479570,70.0554295
Julia Cobb,80,268 Taylor Loop,Amyborough,Louisiana,86547,83.714088,19.8510365
Zachary Pope,68,873 Harvey Mills Apt. 662,Edwardschester,Utah,07907,24.957738,-21.349776
John Brown,50,920 Peggy Ramp Suite 525,Hodgechester,Delaware,41682,38.405823,-58.3700595
Katherine Barnes,77,2323 Lee Springs,Jenningston,West Virginia,41866,124.512329,-31.6252555
Andrew Fritz,51,680 Jon Isle Suite 571,Kelleyville,North Carolina,06032,-49.821374,-2.3133265
Jennifer Jordan,69,45543 Nicole Lane,Smithton,West Virginia,09300,22.456423,21.843455
Matthew Brooks,78,037 Christina Throughway,West Georgeborough,Washington,83389,-155.088053,-26.693101
Cassie King,36,234 Joshua Stream Apt. 648,Pamelaborough,Connecticut,56688,-122.901922,-83.0479235
Steven Ellis,52,932 Jeffrey Garden Suite 800,North Justin,Vermont,59200,-74.709154,56.084108
Carol Taylor,34,918 Barrera Inlet Apt. 490,Hallland,Virginia,03955,-28.380978,27.9187225
Laura Love,64,67346 Reyes Island Apt. 494,Daviesstad,Connecticut,43812,42.098675,70.575263
Matthew Parks,30,2286 Jennifer Cape Suite 281,Lake Jeffrey,Virginia,34825,42.765244,-19.0102515
Trevor Potter,24,11853 Sarah Vista Suite 782,New Teresa,California,01886,-179.403190,-10.969940
Nathan Holloway,51,46222 Nicholas Trail Apt. 000,North Willie,Wyoming,76286,-17.224225,-70.222053
Jason Hartman,24,4778 Madison Turnpike Suite 692,North Michael,Vermont,63633,-43.060966,55.1820295
Christopher Silva,58,868 Sawyer Rapid,Newmanbury,Florida,30143,110.029880,-60.3250315
Steven Pham,62,56358 Kayla Club Suite 357,Port Carolyn,Connecticut,95598,80.056843,-0.464775
Stephen Lloyd,72,5298 Kyle Course Suite 248,West Jeremyland,Alabama,88340,100.241939,-5.267715
Marc Williams,80,1467 Edwin Oval Suite 921,Stephanieton,Connecticut,15951,104.943281,-10.3575165
Kristy Smith,76,896 Gomez Mountain,Barkerhaven,Maine,71311,75.563560,74.271155
John Davis,22,457 Sarah Mountains Apt. 942,Sarahburgh,Arkansas,37308,97.321313,-52.9600845
Cynthia Herman,28,9842 Alice Branch Suite 041,Garciabury,Florida,28097,134.429090,-47.7227995
Dr. Barbara Johnson,57,97684 Murray Drives,New Casey,New Hampshire,17989,14.807411,0.3668275
Jordan Francis,32,06966 William Ford,Courtneyport,Kentucky,61051,49.275602,68.667030
Matthew Clark,25,5235 Elizabeth Lights Apt. 511,Lauraside,Hawaii,15081,-171.825053,-15.663509
Mary Sullivan,30,8077 Ashley View,Waltonton,Texas,25826,30.485252,-89.9017805
Paul Larson,29,042 Tucker Ferry,Port Jamesside,Arkansas,70810,26.647233,-53.6789025
Stephanie Carter,74,501 Sonya Walks Apt. 231,Reginafort,Tennessee,97811,-168.545591,55.263930
Mrs. Carmen Cole,42,10101 Brown Spurs Suite 933,Leefort,Connecticut,36141,136.392031,-88.720674
Anthony Porter,52,5191 Deborah Haven,East Susanport,Minnesota,11553,-41.019691,75.0970845
Adrian Green,74,367 Hill Fall Suite 634,Rachelview,Tennessee,00816,-113.406690,-31.102689
Amanda Barton,41,02276 Tiffany Ranch Suite 485,Port Harold,New York,13178,97.049688,86.7720835
Sarah Forbes,38,029 Sue Turnpike,North Melissaport,Kentucky,62602,-28.601067,20.0445505
Miranda Sweeney,36,778 David Springs Suite 291,West Christopher,North Carolina,87864,122.326349,-41.809643
Barbara Hendricks,44,465 Stephens Course Suite 871,Devonshire,New Mexico,10956,-148.417396,13.092816
Lauren Munoz,72,9596 Mark Fort Suite 185,West Jared,Arizona,71598,39.989074,-39.3948885
Rebecca Holmes,80,10019 Morris Hollow Apt. 566,West Sarah,Massachusetts,68828,141.078960,73.4614505
Laura Nelson,76,4534 Jason Mission,East Michaelton,Kentucky,19997,-36.638293,67.0792845
Anthony Cook,56,4046 Palmer Prairie Suite 094,Kevinberg,South Dakota,03604,-38.484199,-78.114040
Carolyn King,37,50012 Murphy Crest Apt. 546,Williamston,Kentucky,26883,-99.964858,30.1954805
Melissa Coleman,74,252 Erica Ways Suite 233,Lake Williamhaven,Wisconsin,52304,-124.256587,15.921602
Terry Ramirez,33,421 West Track Apt. 806,West Carl,New Jersey,30375,-13.789802,41.1522815
Katrina Johnson,45,10949 Klein Ports Apt. 817,New Craighaven,Minnesota,71628,-165.158138,67.3055165
Jon Rios,50,9055 Martha Ports,Callahantown,Iowa,56300,-114.991097,-55.730338
Joanne French,74,39522 Amber Prairie Apt. 257,Josemouth,Montana,47794,-43.696230,18.1334515
Mrs. Christina Rivera,41,53778 Richard Ridge Suite 364,Larryburgh,Illinois,70381,-0.894884,-39.451628
Frank Cooper,41,72087 Smith Flats,West Christopherton,West Virginia,08897,-139.669961,-2.8943355
Caitlyn Allen,20,5265 Delgado Fall Suite 773,Joshuaport,Tennessee,07249,55.063841,-34.778467
Michael Richardson,24,98268 Smith Cove,East Hannah,Hawaii,25238,60.001644,-75.7536745
Kevin Dawson,59,6234 Santiago Knolls,Port Adrianland,Wisconsin,37295,-86.358402,-56.428447
Jessica Ball,41,967 Morales Ways,Webbfurt,South Dakota,47173,97.167414,88.6692335
Robert Kirby,42,8522 Elliott Circle Suite 518,Lake Leslie,Kansas,24575,-137.268309,29.8616635
Margaret Palmer,73,53568 Benjamin Canyon Suite 428,Lake Barry,Kansas,83920,121.532662,-81.7729515
Amanda Long,72,814 West Locks Apt. 224,North Bradleymouth,Wyoming,10005,172.575321,-44.253444
Dawn Smith,31,15724 Jennifer Glen,Jessicaborough,Kansas,72050,-77.737093,45.4057905
Teresa Day,24,16740 Valerie Summit Suite 596,West Jasmine,Connecticut,90024,-62.126956,-40.5871005
Antonio Carey,53,88948 Bennett Vista Suite 385,West Angelamouth,Wyoming,73129,-111.033915,-86.2414285
Elizabeth Reynolds,63,4564 Jennifer Meadow Suite 734,Martinezchester,Michigan,63584,20.451436,-29.108025
Cynthia Fitzpatrick,53,641 Robinson Crescent Apt. 975,Guerrerohaven,New Jersey,01440,78.410043,24.2272355
Joshua Mcclain,58,659 Stephanie Villages Apt. 128,Colemanland,Connecticut,83374,5.778174,-66.9799195
Alexis Hoffman,48,35558 Adam Square,East Deborah,California,59915,-101.036560,-86.010876
Gene Murray,20,2315 Christine Drive,North Debra,Michigan,02614,150.717842,65.4464315
Sherry Bryant,25,791 Oconnell Course Suite 732,Lake Caitlin,Montana,72364,-165.324555,42.874891
James Hernandez,60,5584 Brittany Stream Suite 918,East Robertmouth,New Mexico,79355,-55.560872,-74.272696
Brandon Watson,70,90446 Gilbert Motorway,East Alexandra,Minnesota,23294,-127.548613,70.887583
Elizabeth Brown,58,608 Scott Locks Suite 568,Baldwinview,Nevada,49415,-124.088756,-69.6804045
Nicole Bell,43,37392 Michael Valley Suite 729,New Alice,Arkansas,36333,-177.403640,-49.8009455
Elizabeth Little,51,04772 Paul Mills,Johnsonville,Kentucky,42614,118.249378,23.6594435
Mr. John Clark MD,32,55446 Burton Harbor,Port Juan,Connecticut,97025,-158.979147,37.986576
Spencer Jones,61,66798 Marissa River Apt. 020,Port Laurentown,Oklahoma,07718,165.112159,-16.887328
Jennifer Diaz,51,112 Mary Motorway Suite 937,East Gabrielhaven,Nebraska,61440,-133.835558,17.3482845
Michael Hernandez,19,43896 Gonzales Cliff,West Joshua,Nevada,64393,148.748665,-35.6107505
Katie Guzman,80,43454 Erin Hollow,Lake Marc,Nevada,51321,-36.943033,80.6819375
Heather Sullivan,60,45272 Nelson Greens,Portermouth,New Mexico,93107,173.702872,49.4590155
Chad Morris,74,68802 Miller Prairie,Riosborough,Delaware,60378,-55.435851,56.523274
Krystal Mcdonald,35,8337 Chavez Fall,North Michael,Mississippi,15517,-175.179536,-65.6824845
Shawn Patton,41,504 Williams Loop,Lake Robert,Utah,85254,17.015653,23.843718
Katherine Hughes,20,641 Macdonald Inlet,Carterton,Illinois,29990,-3.382579,-68.228472
Randy Hayes,26,8923 Kimberly Street,Devonfort,Pennsylvania,31989,88.679110,73.158657
Stephen Moore,54,68548 Lewis Springs,Tinaview,Tennessee,66675,-138.632403,81.1761805
Pamela Bell,29,42464 Mcfarland Forks Apt. 659,Lake Brandon,North Carolina,76196,-153.433095,34.3464485
Lauren Conley,78,6166 Cole Lakes Apt. 222,Sellersmouth,Vermont,03433,-155.249912,-52.291837
Jennifer Griffin,60,0016 Roberts Extensions Suite 141,Royview,Ohio,50903,92.480899,-33.6673765
Scott Ibarra,27,18319 Cook Flat Apt. 440,Taylortown,Nebraska,42433,-171.966534,18.8120455
John Martin,46,4260 Suzanne Village,Lake Danielle,West Virginia,79539,-44.604256,-48.0455955
Monica Robinson,76,47574 Martinez Drives,Davidmouth,Utah,87550,-107.261345,70.0513715
Alexandra Gomez,19,5179 Wyatt Skyway,Deniseport,Louisiana,90170,100.035730,-71.4623625
Michael Hernandez,57,960 Shaun Haven,New Lindaport,Minnesota,57810,127.218972,4.800381
James Dixon,51,312 Christopher Court,New Douglas,Illinois,54596,-153.099894,-44.4408235
Nathaniel Thomas,66,7935 Jeffrey Extension,Gibsonshire,Tennessee,57648,-139.374886,-53.377790
Aaron Davis Jr.,44,7190 Miller Way,Port Kendra,Ohio,03372,-24.589059,73.9274235
Stanley Stanley MD,34,132 Johnny View Apt. 953,Jeffreymouth,South Dakota,17023,86.143416,16.051637
Frank Rodriguez,51,64514 David Green,Matthewtown,Michigan,40176,65.092651,-20.1564655
Amber Owens,77,449 Tiffany Views,Christophertown,Pennsylvania,55986,-63.502935,84.3461665
Jennifer Ortiz,58,7351 Meyer Island,West Jacob,Nebraska,52115,106.752091,-48.3616845
Mr. Andrew Petersen MD,79,69560 Douglas Streets Suite 503,Shanestad,South Carolina,39951,60.582931,9.483860
Stacey Montgomery,42,558 Brandy Station,Rollinsport,Mississippi,06753,100.498362,36.7044205
Janet Knox,54,488 Macdonald Field,East Ronald,Mississippi,35970,173.263005,-3.280950
Belinda Mckinney,38,12253 Tran Mountains,Port Kevintown,Rhode Island,17880,-151.275557,-42.025400
Phillip Cherry,26,7681 Jeffrey Parks,West Tiffanyborough,Tennessee,68012,166.067870,-39.3247245
Wendy Moore,58,9827 Linda Summit Suite 993,Port Pamela,Texas,39518,-61.559144,59.165336
Catherine Galvan,70,78944 Walker Terrace,Ritterbury,Arkansas,93583,-163.835786,78.6857595
Debra Mccoy,72,5226 Wright Spur Suite 673,Port Jason,New Jersey,04858,-50.672745,58.3139895
Jeffrey Cook,70,08506 Kevin Harbors,Christopherstad,Delaware,16903,-154.824592,-80.094683
Sandra Murray,64,74578 Brandon Street,Michaelton,New Hampshire,27351,55.538409,35.3200135
Teresa Hart,70,99764 Jimenez Rest,West James,North Carolina,97033,142.524339,-24.6160645
James Brown,45,00250 Hernandez Bypass,Davidborough,Utah,89615,-22.253499,-68.6263235
Danny Murphy,44,8401 Pamela Underpass Apt. 588,North Victoria,Mississippi,41307,80.297323,78.7004095
Ryan Williams,49,9983 Nicole Street Suite 687,Port Dianaside,Alaska,80333,119.348714,52.865747
Michelle Greene,60,9512 Jennifer Mission Suite 507,East Kathy,Wisconsin,88285,149.846121,-37.0205415
Tanya Roberts,62,3186 Chang Views Suite 754,Hardyborough,Nebraska,75874,97.708571,-24.2051945
Ashley Hughes,51,3719 Alexander Ridge Apt. 830,Kingstad,California,57832,90.193551,83.252825
Matthew Harvey,76,024 Jordan Light Suite 895,Toddborough,Colorado,85566,-14.613899,81.0742985
Tony Stewart,24,2273 Bryant Extension,Danielside,Washington,13434,62.925747,-11.4648815
Tony Evans,38,0509 Omar Forges Apt. 979,New Cindybury,Louisiana,59004,24.659344,43.4913315
Tiffany Hart,73,301 Kemp Camp,Martinezburgh,South Dakota,82677,48.034674,-86.978033
Sarah Keith,44,03926 Richard Mall Suite 997,South Moniquefurt,North Carolina,66353,106.852410,-51.0441835
Jennifer Moon,66,03446 Arellano Lake Suite 253,West Laurachester,Louisiana,66210,2.919063,-52.171521
Jennifer Delacruz,72,303 Garcia Circle,Ivanberg,New Hampshire,15985,-98.704706,16.4918505
Veronica Walters,52,5977 Arnold Pass Suite 262,Michelleview,Michigan,27876,-167.617461,37.7608155
David Mclaughlin,40,5114 Bruce Court,Lake Tarabury,Utah,84624,42.162479,-35.8892465
Jill Galloway,71,02274 Misty Lock Apt. 530,Lake Rebeccaville,Wisconsin,53486,-166.955842,-79.670118
Kyle Martin,64,08125 Jorge Crossing,Millerport,Texas,68857,153.171867,42.288677
Melinda Simmons,42,24872 Kristin Cove,West Mary,Arkansas,18356,-174.733140,80.907459
Stephanie Carroll,50,648 Emily Dam,Hunterville,Pennsylvania,39481,94.213692,47.012984
Luke Robinson,71,651 Timothy Loop Suite 923,Laurahaven,South Dakota,80981,-58.190652,7.929459
Michelle Anderson,74,28562 Nielsen Points,Victoriatown,Arkansas,84926,-56.418038,-51.570143
John Green,33,9444 Lori Haven Apt. 831,Markview,Maine,95476,-79.496545,19.3357115
Susan Adkins,33,30951 Carolyn Ford,West Bettyborough,Vermont,94312,-43.489491,-54.5175855
Carol Walls,65,2252 Jessica Parkways,Port Michaelton,Arkansas,58083,-26.720962,-37.846011
Craig Howell,32,95195 Herman Lake,Taratown,Alaska,83600,-126.569797,48.161228
Ryan Perkins,60,7077 Luke Plains Apt. 735,South Gregory,Kansas,20917,34.972146,-29.1982245
Alicia Brock,54,179 Daniel Club Suite 038,South Lauren,New York,84773,-1.856225,-12.2524385
Mrs. Renee Kennedy,31,560 Bryan Trafficway Suite 501,North Brendafurt,Virginia,57551,136.421475,54.440098
Kenneth Dixon,35,7542 Tammy Crescent Apt. 450,South Maryberg,Rhode Island,32688,-34.813026,32.9489835
Wesley Robinson,68,01566 Williams Ford,Cynthiatown,Alaska,68344,-40.022311,88.6924405
Tony Sutton,67,320 Dixon Motorway,Hawkinsland,Nevada,48706,91.909033,43.3107045
Carlos Beasley,26,80588 Schmidt Expressway Suite 803,Theresachester,Michigan,39774,-116.327098,5.115417
Michael Morton,42,183 Washington Bridge,New Anthonyburgh,South Dakota,26226,-81.777808,-66.1074415
Courtney Thompson,38,293 Angela Viaduct,Travishaven,Louisiana,69473,56.963749,-4.562877
Peter Hall,65,40649 Daniel Camp Apt. 899,Rachelbury,California,78178,-123.774990,61.9197415
Erika Johnson,72,330 Megan Oval Apt. 937,Lake Kurt,Utah,36905,-141.198391,-17.793303
John Hernandez,64,31981 Chan Corner,West Michaelchester,Delaware,30021,75.973303,-9.944323
Shannon Ferguson,23,19911 Calderon Forge,Williamsview,New Hampshire,32215,111.807931,-48.995175
Vincent Knight,33,81664 Parker Course,East Jonathan,Wisconsin,57120,116.655734,65.757934
Anna Mcintyre,42,68509 Garcia Tunnel Suite 921,Stewartmouth,Wisconsin,51206,-69.409764,51.120425
Marc Park,78,46569 Roberts Field,Lopezfort,New Jersey,69961,76.021096,-23.9151855
Randall Robertson,48,61911 Michael Junction,West Robynview,New Jersey,77305,105.660638,-14.2690285
Randy Watkins,60,9003 Andrews Cape Apt. 550,Youngberg,Oregon,24511,-52.507877,-83.439865
Miss Kathleen Anthony DDS,20,421 Jimmy Turnpike Apt. 749,Mcintoshstad,Washington,16105,161.072544,81.9081695
Shaun Evans,46,69956 Graham Loop Apt. 546,Edgarville,Hawaii,29065,52.022039,48.312725
Eric Ward,20,555 Wilson Falls Suite 395,Kristinetown,Virginia,04911,-162.582857,55.4096155
Mark White,75,613 Floyd Fields Apt. 250,East Thomas,Arizona,67352,-56.274088,-8.1689935
Jennifer Roberts,42,4601 Jones Wells Suite 824,Donovanshire,Virginia,20570,12.129434,33.3331555
Cassandra Smith,35,368 Gonzalez Islands,Webbland,Arizona,20740,-148.446846,35.0948855
Randy Curtis,55,5305 Laura Loop Suite 981,Patriciamouth,Colorado,59022,172.105181,83.973213
Jennifer Scott,67,8845 Figueroa Knoll,New Vanessashire,Mississippi,64923,92.783811,59.282302
Sheena Ballard,64,637 Deborah Lakes,East Andrew,Florida,62115,61.825645,-19.6837855
Stephanie Mcfarland,46,69641 Kaitlyn Lodge Apt. 522,Sampsonhaven,Hawaii,71056,-51.630700,52.9475655
Patricia Frederick,30,24258 Jack Court Apt. 061,Lake Cynthialand,Ohio,45315,20.329593,-8.0537165
Jeremy Williams,79,8017 Renee Divide Apt. 450,Nicolemouth,Idaho,01725,154.593313,3.3068335
Christopher Cohen,42,75902 Mason Pike,Michelestad,Arkansas,34011,66.646995,-19.2048245
Grace Mclaughlin,32,0485 Jessica Village,Smithfurt,Iowa,95726,104.951546,-12.6787135
Samantha Hicks,30,028 Scott Groves Apt. 279,New Michael,West Virginia,92880,156.067139,13.6517685
Charles Wiley,50,7954 Delgado Gateway Apt. 384,Jacobland,Arkansas,59236,-28.611427,56.192148
Jessica Chen,44,63949 Curtis Parkways,South Melissa,Alaska,84630,128.539481,25.228652
Adam Meyer,58,053 Rodriguez Knolls,Taylorfort,Florida,05629,147.118450,73.8003815
Angela Barker,77,73919 Hunt Extensions Apt. 196,New Christopherside,Maryland,17064,-78.404717,6.598001
Rhonda Hood,70,18142 Russell Throughway Suite 442,Yvonneview,Oregon,66696,-46.619383,-80.4109655
Mrs. Alyssa Torres,75,0619 Adrienne Cove Apt. 257,Brownhaven,Idaho,33430,131.199050,-49.413808
Mary White,40,23995 David Village Suite 397,West Timothy,South Carolina,68846,-18.095513,26.154442
Jill Moses,18,3898 Barton Locks Apt. 278,Ryanmouth,North Carolina,20391,-43.759985,42.024360
Robert Ortiz,48,093 David Tunnel,Nicholasport,Washington,08737,61.043392,-76.401912
Daniel Braun,68,570 Michael Square Suite 938,North Jason,Alabama,09032,87.000444,13.2772915
Dale Horn,64,8479 Summer Divide,New Cory,Texas,56287,-106.071122,26.6497885
Douglas Jones,27,2009 Stephanie Fork Suite 906,Annaton,Alabama,35073,-23.539717,-55.286499
David Jones,27,200 Gomez Mission Suite 564,Lake Robertborough,Virginia,62665,-87.485081,28.5806235
Steven Wilson,52,69431 Laura Mall Suite 755,Suttontown,Texas,33787,88.766834,58.503307
Darlene Adams,60,63428 Jeremy Glens Suite 585,Lake Alexanderton,Nebraska,55434,-170.938933,5.0100445
Matthew Arroyo,51,194 Danielle Ramp Apt. 801,Latoyafurt,Mississippi,46058,160.143772,-76.8230895
Laura Bailey,74,75515 Miller Row,New Meganhaven,South Dakota,29119,-53.766132,-31.2355455
Ronald Reed MD,31,751 Ramirez Views,Garrisonmouth,Indiana,04548,146.987642,73.639143
Amanda Meadows,72,5685 Kaitlin Ridge,South Steven,Iowa,34158,-66.206985,-57.411476
Jacob Martin,61,7588 Peters Centers Suite 990,Goodmanburgh,Pennsylvania,71227,-159.027372,11.831374
Mary Morris,25,705 Christine Squares,East Charlesstad,South Dakota,86674,21.537351,-76.6315735
Amy Scott,56,620 Schmidt Courts,East Aprilside,Arkansas,69085,-96.498147,24.853665
Jamie Perkins,76,799 Jennifer Underpass Apt. 351,Duranshire,New Jersey,99119,-114.109375,2.222653
Miss Jeanette Jackson DVM,68,5365 Julie Station Apt. 232,Jasonmouth,Wisconsin,05482,-141.445403,-25.368763
Kimberly Williams MD,52,61089 Joel Stream,West Rickport,New Mexico,25413,69.475479,43.037339
Theresa Guzman,23,6925 Lisa Motorway,Amberfurt,Vermont,21607,29.234074,62.421866
Melissa Lyons,44,70220 Kevin Spring,Craigborough,Mississippi,18684,-137.800622,-73.408050
Dean Guzman,49,673 Michelle Knoll Suite 817,Mezaborough,Texas,23573,178.975701,77.719019
David Leonard,31,11649 Long Stream Apt. 511,New Jennifer,Nebraska,91426,92.392816,-0.0226345
Dawn Jennings,20,1801 Martin Islands,Jonesland,Alaska,19274,152.341520,-42.305966
Ricky Richards,18,36429 Bates Pike Apt. 912,East Codyton,Oregon,15297,-145.508904,37.3721845
Wendy Evans,79,888 Chloe Dam,Veronicashire,Illinois,26778,178.098419,23.8461035
Patrick Cruz,25,1595 Kenneth Turnpike,Ryanburgh,California,99806,-9.712222,-25.574398
Brian Adkins,65,83789 Kirk Circle,East Debraberg,West Virginia,70708,-37.580241,-16.6249575
Tara Harrison,46,939 Sheila Green Apt. 949,North Nathanmouth,Kansas,38449,140.732029,54.2307385
James Steele,52,2431 Jackson Loaf Suite 714,Port Joshuafurt,South Carolina,92904,135.146667,69.7298665
Jose Dickson,46,199 Margaret Shoals Apt. 095,Port Victoriachester,Rhode Island,25153,2.200311,1.7290975
James Johnson,58,83224 Lester Stream,Campbellberg,Nebraska,36114,105.676374,37.951219
Mary Taylor,28,7264 Gordon Creek,Sextonshire,South Dakota,15031,79.324220,-63.7188435
Kara Ryan,41,34400 Mark Path Suite 485,Woodsview,Missouri,88058,177.480788,-37.4678345
Angela Wilson,71,381 Rhodes View Suite 687,Lake Danielburgh,Arkansas,22592,71.937670,-88.2377525
Thomas Miller,31,107 Alyssa Mall Suite 825,South Joshuabury,New Hampshire,55197,153.733936,41.557250
Kristen Wilson,52,23757 Walters Roads,East Wandaville,New Jersey,59381,-132.370028,45.0167275
David Stewart,50,509 Rivera Square,New Stephanie,Arizona,21124,-63.499407,75.968847
Karen Holden,73,626 Morales Passage,Caseberg,South Dakota,77300,-50.662926,37.095053
Alex Hayes,52,692 Yu Park,Anitafort,Kansas,04756,158.047080,2.3440875
Michelle Martin,38,450 Holt Divide Suite 922,Shaunstad,Connecticut,69831,-53.435838,28.8241855
Lance Valdez,74,15366 Megan Coves,Annahaven,Idaho,88800,-29.607432,57.1449535
Zachary Daniels,56,75505 Shelia Green,Wyatttown,South Dakota,54794,-101.200628,49.200066
Christopher Barker,68,99789 Catherine Flats,Bryanmouth,Georgia,69276,101.095521,-55.146091
Kathy Martinez,56,9226 Elizabeth Groves Suite 347,East Nicolehaven,Connecticut,76268,-2.959582,-69.663371
Gavin Davidson,20,752 Tyler Crossroad Suite 398,East Michelleborough,Vermont,51213,-138.710151,4.3810095
William Gonzalez,33,02420 Johnson Brook,Lewisfort,Washington,98454,40.382030,0.6524705
Kaitlin Rich,35,769 Williams Lakes Suite 258,North Laurachester,Illinois,61032,-103.845501,62.272316
Shannon Pope,35,97755 Mark Drives Apt. 372,Natalieland,Arizona,41178,103.382844,-21.4544585
Vanessa Hickman,66,2053 Patterson Rapids Apt. 366,South Danielle,Oregon,08814,118.799170,11.644237
Brian Barrett,44,585 Tony Extension Apt. 516,West Feliciatown,Ohio,04391,-15.937093,-39.3016315
Eddie Taylor,28,79379 Grant Lights,Port Tammyton,North Dakota,91716,3.629982,71.8017585
Brandy Martin,48,030 Patrick Oval Apt. 316,Scotthaven,California,25981,-113.245167,-80.6720725
Heather George,80,320 Wilson Station Apt. 449,North Crystalfurt,Florida,93638,-20.080500,-84.998806
Vanessa Alvarado,67,8457 Katherine Island Apt. 874,Raymondbury,Massachusetts,54708,38.481466,5.104316
Jared Davis,37,89487 Lin Manors,North Eric,Pennsylvania,74473,10.503728,-62.9133755
Jessica Lee,51,9002 Ryan Crossing Suite 954,New Jessica,Louisiana,46584,35.480459,-51.9532255
Jo Wright,43,7695 Patricia Lock,Thomashaven,Maine,06479,-115.484244,10.621919
Michelle Glover,39,4205 Collins Keys,Butlermouth,Illinois,48354,-167.288351,34.330249
Tammy Allen,66,28814 Samantha Run Apt. 232,Kennethbury,Illinois,64807,14.312404,76.418414
Alicia Bray,36,358 Kim Highway Suite 817,Lake Carolyn,Utah,31454,-159.706724,11.5213995
Victoria Knight,28,332 Baker Roads Suite 670,South Pamelafort,New Mexico,75472,47.138548,-59.837456
Pamela Morales,52,80729 Jesse Squares,New James,Maryland,34599,67.389697,-15.790035
Angelica Johnson,49,2481 Herman Overpass Suite 682,East Donnafort,Maine,02761,-8.881346,-48.916456
Jose Rivers,59,423 Choi Ferry,Graymouth,Oregon,63734,128.080838,-25.3694255
Stephanie Kramer,78,878 Moore Village Suite 646,New Ginamouth,Wyoming,01637,112.408880,-76.462292
Dakota Jimenez,40,48462 Bowers Locks,South Micheleville,Virginia,47239,29.055624,53.8733155
Michael Perkins,44,60222 Bautista Knolls Apt. 071,Jamesside,South Dakota,64519,31.528146,44.4055705
Jennifer Crawford,72,1083 Jill Grove Apt. 096,Lake Kelly,South Dakota,33092,1.742239,-86.4959015
Rebecca Carlson,30,700 Brown Haven,South Elizabeth,New Jersey,36826,115.563311,-0.329092
Matthew Leblanc,56,9788 Jason Spur,East Betty,Nevada,64719,160.835441,14.2271695
Kevin Williams,75,71825 Teresa Drive Suite 556,West Stephaniemouth,Massachusetts,43929,-36.331031,38.0060715
Brent Kelly,80,053 Hansen Mount,West Dale,Mississippi,68672,47.182943,8.5750065
David White,49,153 Samantha Plaza,East Alyssamouth,Texas,46893,-130.927196,-0.124718
Erin Wright,66,8933 Bass Well Apt. 009,Danielschester,Washington,11230,144.953721,31.1897335
Anthony Douglas,37,592 Bruce Mission Apt. 589,Reginabury,Texas,77680,-55.212311,0.349568
Cory Park,63,465 Carlson Plains,New Michael,Rhode Island,59972,138.917078,-7.6431265
Rachel Clements,65,44194 Reeves Drive Apt. 040,Myerston,Mississippi,57463,-120.696724,-40.312339
Calvin Freeman,38,870 Megan Ferry,Watsonshire,Kentucky,33122,-79.113595,57.2555495
Mr. Robert White,41,552 Klein Alley Suite 807,Lake Samuel,Minnesota,28104,-103.901047,64.169889
Mark Palmer,42,2273 Sharon Prairie,Danielborough,Mississippi,22907,-27.028565,-2.997480
Michael Wilson,64,5661 Carrie Estate Apt. 630,North Mary,Montana,44188,-156.852862,88.1051945
Cynthia Beard,75,244 Charles Tunnel,Lake Sylvia,Montana,82995,-23.589163,40.9074555
Joyce Brady,22,598 Stanley Fields,Robinsonberg,Michigan,96258,151.675245,40.3125355
Hannah Flores,71,066 Palmer Burgs Apt. 761,Davidmouth,West Virginia,10737,110.454818,-78.571569
Brenda Brown,65,71535 Linda Mountain,West Williefurt,Arizona,24209,38.841553,71.931512
Melissa Wilson,69,53310 Holloway Mount Suite 667,New Kimberlychester,Louisiana,12891,-19.323201,-46.810526
John Hull,58,143 Elizabeth Dam Apt. 343,Wileyhaven,New Mexico,06036,157.666840,5.868137
Marissa Williamson,53,2183 Adam Trace Apt. 768,South Nathanside,Rhode Island,56534,-126.901452,-16.5135185
Cindy James,64,09944 Kendra Walks Suite 967,East Rebeccamouth,New Jersey,04068,-78.736435,-21.643038
Anthony Moore,20,93463 Laura Stravenue Suite 372,Morrisonton,Kansas,99587,-170.060241,21.359815
Vincent Solomon,32,36662 Walker Alley Apt. 935,Reynoldsmouth,North Dakota,76484,179.826019,-61.634568
Cynthia Acosta,42,79140 Carlos Ramp Suite 616,East Traciside,Wisconsin,01225,20.592039,39.9047745
Jordan Snyder,36,016 Jessica Rue Apt. 934,East Ashley,New Jersey,81180,-164.296352,-34.3905545
Catherine Higgins,61,71929 Stephen Route Apt. 065,South Christopherborough,Texas,02585,-174.282333,-45.037067
Jeremiah Howe,44,4947 Krista Mall,Lake Oscar,New Jersey,85485,115.987842,-35.186639
Kimberly Thompson,56,68909 Seth Island Suite 106,Port Alexander,Vermont,04062,-93.566974,-89.5929755
Christopher Miller,69,64006 Stephen Fall Apt. 572,Torresstad,Minnesota,10662,3.094247,-34.808291
Jeremy Armstrong,74,17563 Walker Harbor,Garnerfurt,South Carolina,71622,35.643363,4.3645865
Jesse Park,27,290 Long Via,East Cameron,Maine,83505,-128.622656,-54.082780
Brittany Horton,60,8350 Robinson Vista,South Kimberlyland,Hawaii,16614,96.136197,36.4713995
Brian Solis,49,60797 Chad Run,Matthewtown,New Mexico,08230,-30.083373,7.683632
Rachel Harris,77,673 Cochran Parkway,West Lisafurt,Georgia,22477,90.638928,-64.7328125
Juan Barnett,52,04827 Graham Drive,Brownville,Ohio,88845,4.790002,4.143080
Rose Ramirez,65,2650 Maria Ports Apt. 197,Deniseport,Maryland,11483,42.066712,79.405548
Jessica Harris,64,86753 Mitchell Freeway Apt. 907,Walkertown,South Carolina,19022,-154.482470,1.693321
Kimberly Chavez,42,220 Brenda Roads,Lake Brendaberg,Alaska,64737,43.808975,79.9718365
Lawrence Lawrence,61,0298 Anthony Plaza,New Dylan,Hawaii,97734,95.456314,-85.6162165
Aaron Ibarra,21,435 Wagner Island Suite 901,New Nicoleburgh,Indiana,17898,-141.422599,14.3477595
Cathy Murphy,62,84388 Benton Prairie Suite 844,Walkerhaven,Missouri,58629,-76.199684,44.9052285
Rebecca Soto,50,54168 Alexandria Ramp Suite 323,Chambersmouth,Georgia,56627,35.890550,-6.186999
Debra Smith,76,924 Klein Circle,East Terriport,Maryland,08143,33.865492,-80.2881805
Justin York,59,102 Haney Cove Apt. 510,Benjaminfort,Kansas,50857,176.773417,64.5549185
Andrea Smith,59,7186 Douglas Meadows,Laurieton,Missouri,44519,88.548379,-22.1613475
Kenneth Torres,19,86575 Lopez Locks,Aliciafurt,Alabama,75120,35.905559,-24.5659595
Carlos Orozco,27,9496 Cruz Vista,Port Davidstad,Massachusetts,03086,-115.604104,62.004743
Bruce Santos,51,9941 Moore Hollow,Lake Nicole,Mississippi,42926,113.633050,-42.8379925
Stacy Lopez,33,811 Ponce Points,East Angieville,Minnesota,64522,143.990300,-75.293487
Keith Tapia,52,0922 Harvey Loaf Apt. 785,Laurastad,Alabama,56018,162.759055,-60.092720
Rebekah Gonzales DDS,68,1682 Samantha Knolls Suite 442,Elizabethstad,Rhode Island,87590,-137.709749,15.2427395
Pamela Brown,19,663 Stephanie Mews,Hessberg,New Hampshire,33068,139.987711,61.964815
Corey Lewis,58,5991 Kirby Plain Apt. 600,Kevinburgh,Oregon,90193,-149.990315,19.897161
Vanessa Fowler,80,4792 Friedman Trace Suite 816,Shannonland,Louisiana,45457,-124.133218,23.414550
Manuel Miles,26,726 Payne Junction,Parsonsville,Maine,53299,-15.793133,-79.805217
Melissa Walker,50,786 Young Crossing Suite 014,North William,Maine,11654,-82.987376,83.1382035
Brittany Dennis,70,5817 Mason Plaza,Lake Richard,Pennsylvania,22649,-19.838368,-14.1614465
Andre Alvarez,43,6590 Brian Isle Apt. 459,New Jennifershire,Missouri,53254,-132.867643,-19.969897
Jonathan Rodriguez,64,26915 Armstrong Ways,East Evelyn,Virginia,06452,154.696068,-72.8067255
Cory Baldwin,24,38125 Susan Island,Mileschester,Connecticut,41720,-127.590139,-0.1007245
Trevor Robinson,73,930 Jones Greens,Donaldside,Pennsylvania,32490,-75.554221,-20.5928765
Nicholas Allen,78,51882 Brian Court,Lauraborough,Florida,78348,3.551183,-30.2001515
Nicholas Obrien,32,508 Rodriguez Meadow,New Garyport,Ohio,79498,-96.792933,-89.652550
John Jackson,22,5256 Christine Run,New Donald,Oregon,36376,-139.643005,-77.6250465
Diane Smith,60,175 Amy Crescent,East Michael,West Virginia,23518,-54.407966,19.698495
Michelle Keller,40,6108 Robertson Parkway,Margaretborough,West Virginia,90001,-85.246650,24.3871655
Mary Wyatt,26,182 Patricia Isle,Nicholastown,Texas,92664,143.805719,-51.0868635
Bryan Rogers,76,3507 Howard Rapid,East Dawn,Virginia,76098,-109.043397,69.354591
Russell Davis,71,8945 Carpenter Tunnel,Adamsport,Vermont,42814,-125.203039,-25.0258685
Daniel Martin,52,448 Sawyer Plains,Harrischester,Indiana,42193,127.594923,-11.260887
Breanna Nelson,70,7665 Mark Shores Suite 152,Jamesside,Idaho,01918,-152.454002,58.590019
Melissa Burns,43,26519 Johnson Curve,Douglasshire,North Carolina,71824,-124.410083,30.5410385
Erik Jenkins,22,54484 Morrison Keys,Jayfurt,Virginia,28373,-13.420587,46.4670145
Gina Rose,31,89606 Debbie Shores Apt. 461,Walkerbury,South Carolina,83730,-101.301575,-6.888194
Taylor Frank,64,026 Sydney Shores,New David,Wyoming,81527,-10.245642,-5.421607
Christine Austin,24,2245 Webb Tunnel Apt. 387,Ellisonmouth,Vermont,92464,178.222705,21.7270115
Robert Deleon,58,078 Collins Causeway,Nicolemouth,Arkansas,32042,-72.493409,69.1386185
Ethan Johnson,50,96310 Brian Glens Suite 560,Lake Lisaview,Kansas,45550,96.217219,2.323010
Brittany Burton,37,7884 Angel Trace,Alyssaville,South Carolina,51099,-87.430216,-50.3532615
Matthew Miller,22,4013 Walton Circles Suite 235,Saraton,Hawaii,93537,100.993276,-77.2304745
Tyler Lopez,19,4376 Marshall Islands Suite 283,North Curtis,Nevada,91156,4.637388,29.539824
Carla Hernandez,48,00772 Lisa Islands,Mayershire,Maryland,89130,-168.144453,-1.959638
Derrick Johnson,44,42755 Bauer Plains Suite 330,Lake Heather,Iowa,71310,21.766343,-16.774156
Tonya Gordon,26,94381 Andrew Branch Suite 887,North Joseville,Virginia,16464,-137.943421,12.426530
Caitlin Thompson,79,7896 Jamie Lakes Apt. 135,East Joseph,California,67374,-103.216846,29.0977275
Ruth Ho,41,7767 Michelle Trail Apt. 157,North Sarah,Florida,18047,-134.721400,18.1589425
Christopher Zuniga,69,2767 Vazquez Springs,West Diane,Tennessee,35041,41.531425,-41.6550415
Ashlee Johnston,72,075 Brianna Groves,Jonesside,Ohio,65424,-170.901096,-29.354627
Hannah Hines,54,363 Jenkins Mountains Suite 060,Joshuastad,Indiana,55207,-106.681772,4.897298
Stephanie Cooper,57,5759 Lori Camp Apt. 686,East Gabrielside,Louisiana,86157,139.266519,28.085481
Logan Rodriguez,25,3807 Archer Centers Suite 518,Erikbury,North Dakota,06036,62.644042,-27.783313
Lisa Hines,49,15933 Jonathan Valleys Apt. 747,Port Sierraton,Tennessee,72914,107.644459,-2.655261
Samuel Johnson,76,5918 Sara Villages Apt. 700,North Kelseyside,Georgia,03641,-165.256175,-1.167893
Claudia Chandler,80,4832 Davis Forges,Rhondaland,Colorado,19930,83.768572,89.7691535
Amy Reyes,80,1760 Vega Camp Apt. 108,Huntstad,North Dakota,37880,-153.000741,13.9926305
Jonathan Reilly,48,332 Amanda Dam Apt. 616,Lake Jasmine,South Dakota,91453,6.789248,40.5079525
Jerome Wolf,67,7298 Ramirez Shores Suite 158,South Alexa,Pennsylvania,26850,139.125290,-80.9687965
Jennifer Meyer,42,00947 Miller Villages,South Davidtown,Michigan,49599,109.073450,-27.522722
Keith Bullock,71,36496 Golden Loaf Suite 769,New Paula,Maine,61286,17.282554,-57.4534535
Catherine Taylor,36,844 Kathy Wells Suite 401,Jarvisstad,Minnesota,55058,-151.828948,-22.3698515
John Holmes,26,7757 Martin Freeway,East Alexisfurt,Arizona,33384,169.940007,-72.117499
Vincent Price,30,707 Mccullough Manors Suite 521,Port Marisastad,Iowa,32061,77.479707,-24.911721
Jamie Hudson,35,821 Barnett Estates,Tiffanyshire,Illinois,79481,-105.292553,76.273730
Valerie Hoover,20,798 Jessica Radial,Angelville,North Carolina,39015,-130.998953,88.4754335
Russell Molina,79,61498 Nelson River Apt. 597,New Andrew,Alaska,03815,-59.063724,-35.743514
Belinda Garcia,49,17412 Smith Park,West Kathy,Alabama,32840,-140.868928,75.937804
Derek Greene,70,26127 Reginald Island Suite 271,Leonardmouth,Utah,67372,-17.311321,-55.012898
Patricia Khan DDS,46,55534 Martinez Ramp Suite 065,West Mary,Massachusetts,21442,-18.512737,-84.339314
Vickie Cox,80,99949 Matthew Oval Suite 459,Walkershire,Montana,70013,126.317811,-47.3320165
Dr. Jessica Kennedy,72,5390 Jerry Ridges,Isaiahstad,Connecticut,68611,125.851891,86.1089375
Todd Sparks,71,0422 Hunter Plains Apt. 754,Port Ashley,Hawaii,51229,-0.197802,32.2660965
Alejandra Montoya,50,502 Cole Grove,Peterborough,Massachusetts,15544,-38.858053,51.649612
Amber Fernandez,52,4630 Billy Loop,Petermouth,New Hampshire,10157,-106.665187,-22.273066
Rhonda Davidson,27,448 Jennifer Wall Suite 057,New Scottside,Oregon,70452,-65.490215,-58.9904335
Stephanie Long,27,240 Cooper Ridges Suite 802,Andreaside,Mississippi,29580,-179.759928,82.632271
Gavin Curtis,52,35541 Flores Street Apt. 261,Martineztown,North Dakota,99306,68.501671,17.2304915
Jade Phelps,65,7331 Gutierrez Ferry Apt. 578,North Mary,Washington,35380,124.823903,85.004910
Kristy Harvey,55,30932 Daniel Plains Suite 267,West Edwardmouth,Washington,42468,-7.052026,85.636002
Michelle Flynn,27,7327 Webster Track,Gillton,Alabama,78066,-34.893963,-77.215053
Brandon Buchanan,59,0208 Bryan Hollow Suite 106,South Justinfort,Pennsylvania,52529,3.641534,71.3438945
Jay Wright,70,44857 Evans Plaza,East Robertton,West Virginia,27128,-143.464327,-48.101198
Catherine Lynch,65,00673 Foster Summit Suite 050,South Shannon,Washington,87126,55.449572,32.9525725
Stephen Robertson,58,95023 Brandon Common Suite 451,South David,New York,10322,-93.556723,81.862501
Alexander Calderon,42,949 Janice Hills,Lake Belinda,Missouri,75486,-75.117657,74.8218775
Samuel Smith,76,544 Wilson Prairie Apt. 034,Sarahbury,New Jersey,64231,169.335711,51.672871
Diana Merritt,39,758 Mcpherson Hills Suite 253,East Brian,Ohio,78682,122.081025,-61.3195155
Denise Mclean,23,521 Sandoval Plains,New Rachel,Nevada,30282,155.210272,-12.6196785
Julie Black,28,467 Lee Fork,Sherryhaven,Montana,78149,32.599926,-28.4844145
Ann Randolph,59,91137 Yang Club Suite 932,Robertburgh,Georgia,55694,-163.780381,42.246517
Stephanie Gomez,61,12592 Aguilar Crossroad,Johnside,New Jersey,21780,58.963572,-77.2181725
Felicia Singh,63,9155 Joseph Plain,Melissamouth,Missouri,06799,41.179345,19.751825
Amanda Williamson MD,47,30439 James Prairie,New Kaitlynfurt,Tennessee,56309,-131.263808,70.6381155
Ms. Stephanie Jones DVM,29,0039 Michael Prairie,Jennifermouth,Alaska,70075,150.781620,39.2019535
